,linkscar,city,place,Brand,Brand_child,Car_Year,regional_specs,Tramsmission_Cars,Fuel_Cars,Car_Color,ConditionUsed,Kilometers_Cars,paint,body_condition,CarCustoms,CarLicense,CarInsurance,Payment_Method,additions,price
0,https://jo.opensooq.com/ar/search/186882797/%D9%87%D9%88%D9%86%D8%AF%D8%A7%D9%8A-md-2012-%D9%84%D9%84%D8%A8%D9%8A%D8%B9-%D9%81%D8%AD%D8%B5-%D9%83%D8%A7%D9%85%D9%84,عمان,جبل الجوفة,هيونداي,النترا,2012,مواصفات أخرى,اوتوماتيك,بنزين,رمادي,مستعمل,"١٥٠,٠٠٠ - ١٥٩,٩٩٩",أخرى,ممتازة بدون حوادث,مجمركة,مرخصة,تأمين إلزامي,كاش أو أقساط,"['مرايا كهربائية', 'مكيف', 'حساسات اصطفاف', 'كراسي مدفأة', 'أكياس هوائية', 'كراسي جلد', 'أضوية زينون', 'بلوتوث', 'ABS', 'سنترلوك']",4000.0
1,https://jo.opensooq.com/ar/search/186882697/%D9%83%D9%8A%D8%A7-%D8%B3%D9%8A%D9%81%D9%8A%D8%A7-94,عمان,الموقر,كيا,سيفيا,1994,مواصفات أوروبية,يدوي/عادي,بنزين,أسود,مستعمل,"١,٠٠٠ - ٩,٩٩٩",أعيد دهانها كلياً,جيد (عيوب بسيطة في البودي),مجمركة,غير مرخصة,تأمين إلزامي,كاش أو أقساط,"['شاشة لمس', 'مكيف', 'أضوية زينون', 'مدخل AUX/USB', 'بلوتوث', 'ABS']",2300.0
2,https://jo.opensooq.com/ar/search/186882105/%D8%A8%D9%83%D9%85-%D9%87%D8%A7%D9%8A%D9%84%D9%83%D8%B3-%D9%85%D8%A7%D8%AA%D9%88%D8%B1-1600%D8%A8%D9%86%D8%B2%D9%8A%D9%86-%D8%AF%D9%87%D8%A7%D9%86-%D8%AC%D8%AF%D9%8A%D8%AF-%D9%83%D9%88%D8%B4%D9%88%D9%83-%D8%AC%D8%AF%D9%8A%D8%AF-%D9%85%D8%B9-%D8%BA%D8%B1%D9%81%D9%87-%D9%86%D8%AE%D8%A8,عمان,جبل النصر,تويوتا,هيلوكس,1978,مواصفات يابانية,يدوي/عادي,بنزين,أبيض,مستعمل,"١,٠٠٠ - ٩,٩٩٩",أعيد دهانها كلياً,جيد (عيوب بسيطة في البودي),مجمركة,غير مرخصة,تأمين إلزامي,كاش فقط,"['كراسي جلد', 'مدخل AUX/USB']",1600.0
3,https://jo.opensooq.com/ar/search/186882017/%D8%B3%D9%8A%D8%A7%D8%B1%D9%87-%D9%84%D9%84%D8%A8%D9%8A%D8%B9-%D8%A7%D9%8A%D8%B7%D8%A7%D9%84%D9%8A-%D9%84%D8%A7%D9%86%D8%B3%D9%8A%D8%A7-%D9%85%D9%88%D8%AF%D9%8A%D9%84-97,عمان,جبل النصر,أوبل,أخرى,1997,مواصفات أخرى,يدوي/عادي,بنزين,أزرق,مستعمل,"١٠٠,٠٠٠ - ١٠٩,٩٩٩",الدهان الأصلي,ممتازة بدون حوادث,مجمركة,غير مرخصة,غير مؤمنّة,كاش فقط,['أكياس هوائية'],1300.0
4,https://jo.opensooq.com/ar/search/186881821/%D8%A8%D9%8A-%D8%A7%D9%85-%D8%AF%D8%A8-2002,عمان,خربة السوق,بي ام دبليو,528,2002,مواصفات أخرى,اوتوماتيك,بنزين,فضي,مستعمل,٠,أخرى,أخرى,مجمركة,غير مرخصة,تأمين إلزامي,كاش فقط,"['فتحة', 'مرايا كهربائية', 'مثبت سرعة', 'مكيف', 'كراسي جلد', 'أضوية LED', 'أضوية زينون', 'سنترلوك']",7500.0
5,https://jo.opensooq.com/ar/search/186881379/%D8%B3%D8%B1%D9%81%D9%8A%D8%B3-%D8%A7%D9%84%D8%B9%D8%A8%D8%AF%D9%84%D9%8A-%D8%A7%D9%84%D8%AF%D8%A7%D8%A6%D8%B1%D9%8A-%D8%AC%D8%A8%D9%84-%D8%A7%D9%84%D8%AD%D8%B3%D9%8A%D9%86,عمان,جبل الحسين,نيسان,صني,2012,مواصفات خليجية,يدوي/عادي,بنزين,أبيض,مستعمل,"٢٠٠,٠٠٠+",أعيد دهانها كلياً,أخرى,مجمركة,مرخصة,تأمين إلزامي,كاش فقط,"['مكيف', 'سنترلوك']",13500.0
6,https://jo.opensooq.com/ar/search/186881127/%D9%85%D8%B7%D9%84%D9%88%D8%A8-%D8%B3%D9%8A%D8%A7%D8%B1%D8%A9-%D9%86%D9%8A%D8%B3%D8%A7%D9%86-%D9%84%D9%8A%D9%81-%D9%83%D9%87%D8%B1%D8%A8%D8%A7%D8%A1-2015-%D9%81%D8%AD%D8%B5,عمان,طريق المطار - جسر مادبا,نيسان,ليف,2015,مواصفات أوروبية,اوتوماتيك,كهربائي,أسود,مستعمل,"١٠,٠٠٠ - ١٩,٩٩٩",الدهان الأصلي,ممتازة بدون حوادث,مجمركة,مرخصة,تأمين شامل,كاش فقط,"['مرايا كهربائية', 'شاشة لمس', 'نظام ملاحة', 'مثبت سرعة', 'دخول بدون مفتاح']",
7,https://jo.opensooq.com/ar/search/186881063/%D9%81%D9%88%D8%B1%D8%AF-%D9%81%D9%8A%D9%88%D8%AC%D9%86-2018-se-%D8%A8%D8%AD%D8%A7%D9%84%D8%A9-%D8%A7%D9%84%D9%88%D9%83%D8%A7%D9%84%D8%A9,عمان,المدينة الرياضية,فورد,فيوجن,2018,مواصفات أوروبية,اوتوماتيك,هايبرد,رمادي,مستعمل,"٧٠,٠٠٠ - ٧٩,٩٩٩",أخرى,أخرى,مجمركة,مرخصة,تأمين إلزامي,كاش فقط,"['مرايا كهربائية', 'مثبت سرعة', 'مكيف', 'دخول بدون مفتاح', 'كاميرا خلفية', 'أكياس هوائية', 'أضوية LED', 'أضوية زينون', 'مدخل AUX/USB', 'بلوتوث', 'ABS', 'سنترلوك']",16200.0
8,https://jo.opensooq.com/ar/search/186880977/%D9%83%D8%A7%D8%AF%D9%8A-2015-%D8%B4%D8%B5%D9%8A-%D8%B7%D9%88%D9%8A%D9%84-%D9%84%D9%84%D8%A8%D9%8A%D8%B9,عمان,سحاب,فولكسفاغن,كادى,2015,مواصفات أوروبية,يدوي/عادي,ديزل,أبيض,مستعمل,"٢٠٠,٠٠٠+",الدهان الأصلي,ممتازة بدون حوادث,مجمركة,مرخصة,تأمين إلزامي,كاش فقط,"['مرايا كهربائية', 'مثبت سرعة', 'مكيف', 'كراسي مدفأة', 'أكياس هوائية', 'بلوتوث', 'ABS', 'سنترلوك']",11750.0
9,https://jo.opensooq.com/ar/search/186879901/%D9%85%D8%B1%D8%B3%D9%8A%D8%AF%D8%B3-e200-%D8%A7%D8%B3%D9%88%D8%AF-%D9%85%D9%84%D9%88%D9%83%D9%8A-%D8%A8%D8%AD%D8%A7%D9%84%D8%A9-%D8%A7%D9%84%D8%B4%D8%B1%D9%83%D9%87,عمان,شفا بدران,مرسيدس بنز,E 200,2020,مواصفات أوروبية,اوتوماتيك,بنزين,أسود,مستعمل,"١٠,٠٠٠ - ١٩,٩٩٩",الدهان الأصلي,ممتازة بدون حوادث,مجمركة,مرخصة,تأمين شامل,كاش فقط,"['فتحة', 'مرايا كهربائية', 'شاشة لمس', 'نظام ملاحة', 'مثبت سرعة', 'مكيف', 'كاميرا خلفية', 'حساسات اصطفاف', 'كراسي جلد', 'كراسي مدفأة', 'أكياس هوائية', 'أضوية LED', 'أضوية زينون', 'مدخل AUX/USB', 'بلوتوث', 'ABS', 'سنترلوك']",51000.0
10,https://jo.opensooq.com/ar/search/186879423/%D9%81%D9%88%D8%B1%D8%AF-%D9%81%D9%8A%D9%88%D8%AC%D9%8A%D9%86-%D9%84%D9%84%D8%A8%D9%8A%D8%B9-2018-%D9%85%D8%B9-%D8%B1%D9%82%D9%85-%D9%85%D9%85%D9%8A%D8%B2-%D8%AC%D8%AF%D8%A7,عمان,جبل الأشرفية,فورد,فيوجن,2018,مواصفات أمريكية,اوتوماتيك,هايبرد,أبيض,مستعمل,"٢٠٠,٠٠٠+",أعيد دهانها كلياً,ممتازة بدون حوادث,مجمركة,مرخصة,تأمين إلزامي,كاش فقط,"['مرايا كهربائية', 'شاشة لمس', 'نظام ملاحة', 'مثبت سرعة', 'دخول بدون مفتاح', 'مكيف', 'كاميرا خلفية', 'كراسي جلد', 'أكياس هوائية', 'أضوية LED', 'أضوية زينون', 'مدخل AUX/USB', 'بلوتوث', 'ABS', 'سنترلوك']",15000.0
11,https://jo.opensooq.com/ar/search/186879409/%D8%AF%D8%A7%D9%8A%D9%88-%D9%86%D9%88%D8%A8%D9%8A%D8%B1%D8%A7-%D8%AA%D9%88-%D9%85%D9%88%D8%AF%D9%8A%D9%84-2001,عمان,صالحية العابد,دايو,نوبيرا,2001,مواصفات أخرى,يدوي/عادي,بنزين,ذهبي,مستعمل,"١,٠٠٠ - ٩,٩٩٩",أعيد دهانها كلياً,جيد (عيوب بسيطة في البودي),مجمركة,مرخصة,تأمين إلزامي,كاش فقط,"['أضوية LED', 'سنترلوك']",2700.0
12,https://jo.opensooq.com/ar/search/186879071/%D9%81%D9%88%D8%B1%D8%AF-%D9%81%D9%8A%D9%88%D8%AC%D9%86-2015-%D9%84%D9%84%D8%A8%D9%8A%D8%B9,عمان,أخرى,فورد,فيوجن,2015,مواصفات أمريكية,اوتوماتيك,هايبرد,خمري,مستعمل,"٦٠,٠٠٠ - ٦٩,٩٩٩",الدهان الأصلي,ممتازة بدون حوادث,مجمركة,مرخصة,تأمين إلزامي,كاش فقط,"['مرايا كهربائية', 'شاشة لمس', 'مثبت سرعة', 'مكيف', 'كاميرا خلفية', 'حساسات اصطفاف', 'أكياس هوائية', 'أضوية LED', 'مدخل AUX/USB', 'بلوتوث', 'ABS', 'سنترلوك']",16850.0
13,https://jo.opensooq.com/ar/search/186879063/%D9%81%D9%88%D8%B1%D8%AF-%D9%81%D9%8A%D9%88%D8%AC%D9%86,عمان,جبل النصر,فورد,فيوجن,2019,مواصفات أمريكية,اوتوماتيك,هايبرد,أبيض,مستعمل,"١٠٠,٠٠٠ - ١٠٩,٩٩٩",الدهان الأصلي,أخرى,مجمركة,مرخصة,تأمين إلزامي,كاش فقط,"['مرايا كهربائية', 'شاشة لمس', 'نظام ملاحة', 'مثبت سرعة', 'دخول بدون مفتاح', 'مكيف', 'كاميرا خلفية', 'حساسات اصطفاف', 'كراسي جلد', 'كراسي مدفأة', 'أكياس هوائية', 'أضوية LED', 'مدخل AUX/USB', 'بلوتوث', 'ABS', 'سنترلوك']",16500.0
14,https://jo.opensooq.com/ar/search/186877791/%D8%B3%D9%8A%D8%A7%D8%B1%D8%A9-%D8%B4%D9%81%D8%B1-%D8%A7%D9%88%D8%A8%D8%AA%D8%B1%D8%A7-2011,عمان,المناره,شيفروليه,اوبترا,2011,مواصفات يابانية,يدوي/عادي,بنزين,خمري,مستعمل,"١,٠٠٠ - ٩,٩٩٩",الدهان الأصلي,أخرى,مجمركة,مرخصة,تأمين شامل,كاش فقط,"['مرايا كهربائية', 'نظام ملاحة', 'شاشة لمس', 'مثبت سرعة', 'دخول بدون مفتاح', 'حساسات اصطفاف', 'مكيف', 'كاميرا خلفية', 'أكياس هوائية', 'كراسي جلد', 'مدخل AUX/USB', 'أضوية زينون', 'أضوية LED', 'كراسي مدفأة', 'بلوتوث']",6200.0
15,https://jo.opensooq.com/ar/search/186877329/bmw-528-platinum-m-package-2015,عمان,شفا بدران,بي ام دبليو,528,2015,مواصفات أخرى,اوتوماتيك,بنزين,أبيض,مستعمل,"٧٠,٠٠٠ - ٧٩,٩٩٩",الدهان الأصلي,ممتازة بدون حوادث,مجمركة,مرخصة,تأمين إلزامي,كاش فقط,"['فتحة', 'كراسي مدفأة', 'أكياس هوائية', 'أضوية LED', 'أضوية زينون', 'مدخل AUX/USB', 'بلوتوث', 'ABS', 'سنترلوك', 'مرايا كهربائية', 'شاشة لمس', 'نظام ملاحة', 'مثبت سرعة', 'دخول بدون مفتاح', 'مكيف', 'كراسي جلد', 'حساسات اصطفاف', 'كاميرا خلفية']",32000.0
16,https://jo.opensooq.com/ar/search/186877221/peugeot-307-%D8%A8%D9%8A%D8%AC%D9%88,عمان,الهاشمي الشمالي,بيجو,307,2004,مواصفات أخرى,اوتوماتيك,بنزين,أسود,مستعمل,٠,أعيد دهانها جزئياً,ممتازة بدون حوادث,غير مجمركة,غير مرخصة,تأمين إلزامي,كاش فقط,"['فتحة', 'مرايا كهربائية', 'شاشة لمس', 'كاميرا خلفية', 'بلوتوث', 'ABS']",4000.0
17,https://jo.opensooq.com/ar/search/186876421/%D8%A8%D9%8A%D8%AC%D9%88-206-%D9%85%D9%88%D8%AF%D9%8A%D9%84-2006-%D9%84%D9%84%D8%A8%D9%8A%D8%B9,عمان,ابو نصير,بيجو,206,2006,مواصفات أوروبية,اوتوماتيك,بنزين,أبيض,مستعمل,"١٧٠,٠٠٠ - ١٧٩,٩٩٩",أعيد دهانها جزئياً,جيد (عيوب بسيطة في البودي),مجمركة,غير مرخصة,غير مؤمنّة,كاش فقط,"['كراسي جلد', 'أكياس هوائية']",2200.0
18,https://jo.opensooq.com/ar/search/186876391/%D9%85%D8%B1%D8%B3%D9%8A%D8%AF%D8%B3-glc-300e-%D9%83%D8%A7%D9%85%D9%84-%D8%A7%D9%84%D8%A7%D8%B6%D8%A7%D9%81%D8%A7%D8%AA,عمان,الياسمين,مرسيدس بنز,C 350e,2021,مواصفات أوروبية,اوتوماتيك,بنزين,أسود,مستعمل,"١,٠٠٠ - ٩,٩٩٩",أخرى,أخرى,مجمركة,مرخصة,تأمين إلزامي,كاش فقط,"['فتحة', 'مرايا كهربائية', 'شاشة لمس', 'نظام ملاحة', 'مثبت سرعة', 'دخول بدون مفتاح', 'مكيف', 'كاميرا خلفية', 'حساسات اصطفاف', 'كراسي جلد', 'كراسي مدفأة', 'أكياس هوائية', 'أضوية LED', 'أضوية زينون', 'مدخل AUX/USB', 'بلوتوث', 'ABS']",62000.0
19,https://jo.opensooq.com/ar/search/186876265/%D9%86%D9%8A%D8%B3%D8%A7%D9%86-%D8%A7%D9%84%D8%AA%D9%8A%D9%85%D8%A7-%D9%85%D9%88%D8%AF%D9%8A%D9%84-2005-2%D8%AC%D9%8A%D8%AF-%D9%84%D9%84%D8%A8%D9%8A%D8%B9,عمان,الدوار الثالث,نيسان,التيما,2005,مواصفات خليجية,اوتوماتيك,بنزين,ذهبي,مستعمل,٠,أعيد دهانها كلياً,أخرى,مجمركة,مرخصة,تأمين إلزامي,كاش فقط,"['مرايا كهربائية', 'مثبت سرعة', 'مكيف', 'أكياس هوائية', 'مدخل AUX/USB', 'بلوتوث', 'ABS', 'سنترلوك']",5200.0
20,https://jo.opensooq.com/ar/search/186875029/%D9%87%D9%88%D9%86%D8%AF%D8%A7-%D8%A7%D9%83%D9%88%D8%B1%D8%AF-2017-%D9%85%D9%85%D9%8A%D8%B2%D8%A9-%D8%AC%D8%AF%D8%A7-%D8%AA%D9%88%D8%B1%D9%8A%D9%86%D8%AC-%D9%84%D9%88%D9%86-%D8%B9%D9%86%D8%A7%D8%A8%D9%8A,عمان,تلاع العلي,هوندا,أكورد,2017,مواصفات أمريكية,اوتوماتيك,هايبرد,خمري,مستعمل,"١٢٠,٠٠٠ - ١٢٩,٩٩٩",الدهان الأصلي,جيد (عيوب بسيطة في البودي),مجمركة,مرخصة,تأمين إلزامي,كاش فقط,"['فتحة', 'مرايا كهربائية', 'شاشة لمس', 'نظام ملاحة', 'مثبت سرعة', 'دخول بدون مفتاح', 'مكيف', 'كاميرا خلفية', 'حساسات اصطفاف', 'كراسي جلد', 'كراسي مدفأة', 'أكياس هوائية', 'أضوية LED', 'أضوية زينون', 'مدخل AUX/USB', 'بلوتوث', 'ABS', 'سنترلوك']",
21,https://jo.opensooq.com/ar/search/186874483/%D9%85%D8%B7%D9%84%D9%88%D8%A8-%D8%B3%D9%8A%D8%A7%D8%B1%D9%87,عمان,مرج الحمام,أخرى,غير محدد,1970,مواصفات أخرى,اوتوماتيك,بنزين,بيج,مستعمل,٠,أخرى,أخرى,مجمركة,مرخصة,تأمين إلزامي,أقساط فقط,['فتحة'],
22,https://jo.opensooq.com/ar/search/186873637/%D9%81%D9%88%D8%B1%D8%AF-%D9%81%D8%AD%D8%B5-%D9%84%D9%84%D8%A8%D9%8A%D8%B9-%D9%83%D8%A7%D8%B4-%D8%A7%D9%88-%D8%A8%D8%AF%D9%81%D8%B9%D8%AA-%D8%A7%D9%88-%D9%84%D9%84%D8%A8%D8%AF%D9%84,عمان,الرابية,فورد,F-150,2008,مواصفات أمريكية,اوتوماتيك,بنزين,أبيض,مستعمل,"١٠٠,٠٠٠ - ١٠٩,٩٩٩",أعيد دهانها كلياً,ممتازة بدون حوادث,مجمركة,مرخصة,تأمين إلزامي,كاش فقط,"['ABS', 'دخول بدون مفتاح', 'فتحة', 'مثبت سرعة', 'بلوتوث', 'كراسي مدفأة', 'مرايا كهربائية', 'أضوية LED', 'كاميرا خلفية', 'أكياس هوائية', 'مكيف', 'سنترلوك', 'نظام ملاحة', 'مدخل AUX/USB', 'كراسي جلد', 'شاشة لمس', 'أضوية زينون']",
23,https://jo.opensooq.com/ar/search/186873095/%D9%83%D8%B4%D9%81-%D9%84%D9%84%D8%A8%D9%8A%D8%B9-%D9%83%D9%88%D9%85-%D8%AD%D8%AF%D9%8A%D8%AF,عمان,ابو نصير,بي ام دبليو,118,1993,مواصفات خليجية,اوتوماتيك,بنزين,أسود,مستعمل,"١٥٠,٠٠٠ - ١٥٩,٩٩٩",أعيد دهانها كلياً,أخرى,مجمركة,مرخصة,تأمين إلزامي,كاش فقط,"['دخول بدون مفتاح', 'حساسات اصطفاف', 'ABS', 'سنترلوك']",6600.0
24,https://jo.opensooq.com/ar/search/186872763/%D9%81%D8%A7%D9%86-%D8%B3%D8%AA%D8%B1%D9%88%D9%8A%D9%86-%D8%A8%D8%AD%D8%A7%D9%84%D9%87-%D8%A7%D9%84%D9%88%D9%83%D8%A7%D9%84%D9%87,عمان,جبل الحسين,بيجو,بارتنر,2006,مواصفات خليجية,يدوي/عادي,بنزين,أبيض,مستعمل,"١٠,٠٠٠ - ١٩,٩٩٩",أخرى,أخرى,مجمركة,مرخصة,تأمين إلزامي,كاش فقط,"['مثبت سرعة', 'مكيف', 'كراسي جلد', 'ABS']",3500.0
25,https://jo.opensooq.com/ar/search/186872675/%D8%A7%D9%81-150-%D9%81%D8%AD%D8%B5-%D9%83%D8%A7%D9%85%D9%84-%D9%84%D9%84%D8%A8%D8%B9-%D8%A8%D8%AF%D9%81%D8%B9%D8%AA-4500,عمان,الدوار الثامن,فورد,F-150,2009,مواصفات أمريكية,اوتوماتيك,بنزين,أبيض,مستعمل,"٩٠,٠٠٠ - ٩٩,٩٩٩",أعيد دهانها كلياً,ممتازة بدون حوادث,مجمركة,مرخصة,تأمين إلزامي,كاش فقط,"['شاشة لمس', 'مرايا كهربائية', 'نظام ملاحة', 'مثبت سرعة', 'دخول بدون مفتاح', 'مكيف', 'كاميرا خلفية', 'كراسي جلد', 'كراسي مدفأة', 'أكياس هوائية', 'أضوية LED', 'أضوية زينون', 'مدخل AUX/USB', 'بلوتوث', 'ABS', 'سنترلوك']",
26,https://jo.opensooq.com/ar/search/186871273/%D9%87%D9%88%D9%86%D8%AF%D8%A7%D9%8A-%D8%B3%D9%86%D8%AA%D8%A7%D9%81%D9%8A-%D9%85%D8%B1%D8%AE%D8%B5%D9%87-%D9%84%D8%B4%D9%87%D8%B1-11,عمان,مرج الحمام,هيونداي,سنتافي,2001,مواصفات يابانية,اوتوماتيك,بنزين,خمري,مستعمل,"٧٠,٠٠٠ - ٧٩,٩٩٩",الدهان الأصلي,ممتازة بدون حوادث,مجمركة,مرخصة,تأمين إلزامي,كاش فقط,"['شاشة لمس', 'مكيف', 'كاميرا خلفية', 'مدخل AUX/USB', 'بلوتوث', 'ABS', 'سنترلوك']",4500.0
27,https://jo.opensooq.com/ar/search/186870511/%D8%B3%D9%8A%D8%A7%D8%B1%D9%87-%D9%84%D9%84%D8%A8%D9%8A%D8%B9-%D9%81%D8%AD%D8%B5,عمان,جبل الأشرفية,كيا,شوما,2000,مواصفات أخرى,يدوي/عادي,بنزين,أسود,مستعمل,"٢٠٠,٠٠٠+",أخرى,أخرى,مجمركة,مرخصة,تأمين إلزامي,كاش فقط,"['مكيف', 'مدخل AUX/USB', 'بلوتوث']",
28,https://jo.opensooq.com/ar/search/186870281/%D9%85%D8%B1%D8%B3%D9%8A%D8%AF%D8%B3-ml-320-%D8%A8%D8%AD%D8%A7%D9%84-%D8%A7%D9%84%D9%88%D9%83%D8%A7%D9%84%D9%87-%D9%84%D9%84%D8%A8%D9%8A%D8%B9-%D8%A7%D9%88-%D8%A8%D8%AF%D9%84,عمان,ضاحية الرشيد,مرسيدس بنز,ML 320,2003,مواصفات خليجية,اوتوماتيك,بنزين,رمادي,مستعمل,"١٠,٠٠٠ - ١٩,٩٩٩",الدهان الأصلي,ممتازة بدون حوادث,مجمركة,مرخصة,تأمين إلزامي,كاش فقط,"['فتحة', 'مرايا كهربائية', 'شاشة لمس', 'نظام ملاحة', 'مثبت سرعة', 'دخول بدون مفتاح', 'مكيف', 'حساسات اصطفاف', 'كراسي جلد', 'كراسي مدفأة', 'أكياس هوائية', 'أضوية LED', 'أضوية زينون', 'مدخل AUX/USB', 'ABS', 'سنترلوك']",7800.0
29,https://jo.opensooq.com/ar/search/186869569/%D9%85%D8%B1%D8%B3%D9%8A%D8%AF%D8%B3-clk2005,عمان,طريق المطار - جسر مادبا,مرسيدس بنز,CLK 200,2004,مواصفات خليجية,اوتوماتيك,بنزين,فضي,مستعمل,٠,الدهان الأصلي,ممتازة بدون حوادث,مجمركة,مرخصة,تأمين إلزامي,كاش فقط,"['فتحة', 'مرايا كهربائية', 'شاشة لمس', 'نظام ملاحة', 'مثبت سرعة', 'دخول بدون مفتاح', 'مكيف', 'كاميرا خلفية', 'حساسات اصطفاف', 'كراسي جلد', 'كراسي مدفأة', 'أكياس هوائية', 'أضوية LED', 'أضوية زينون', 'مدخل AUX/USB', 'بلوتوث', 'ABS', 'سنترلوك']",11500.0
30,https://jo.opensooq.com/ar/search/186869565/%D9%87%D9%88%D9%86%D8%AF%D8%A7%D9%8A-xd-%D8%A7%D8%AA%D9%88%D9%85%D8%A7%D8%AA%D9%8A%D9%83-%D9%85%D9%88%D8%AF%D9%8A%D9%84-2004,عمان,المدينة الرياضية,هيونداي,افانتي,2004,مواصفات أخرى,اوتوماتيك,بنزين,فضي,مستعمل,"١,٠٠٠ - ٩,٩٩٩",أعيد دهانها كلياً,حادث بسيط (البودي يحتاج للإصلاح),مجمركة,مرخصة,تأمين إلزامي,كاش فقط,"['مرايا كهربائية', 'مكيف', 'حساسات اصطفاف', 'كراسي مدفأة', 'أكياس هوائية', 'سنترلوك', 'ABS', 'بلوتوث']",4800.0
31,https://jo.opensooq.com/ar/search/186869309/%D8%B1%D9%86%D8%AC-%D8%B1%D9%88%D9%81%D8%B1-%D8%A7%D8%B3%D9%88%D8%AF,عمان,سحاب,لاند روفر,ديسكفري سبورت,2010,مواصفات أخرى,اوتوماتيك,بنزين,أسود,مستعمل,٠,الدهان الأصلي,ممتازة بدون حوادث,مجمركة,مرخصة,تأمين إلزامي,كاش فقط,"['مرايا كهربائية', 'فتحة', 'شاشة لمس', 'نظام ملاحة', 'مكيف', 'حساسات اصطفاف', 'كراسي جلد', 'أكياس هوائية', 'أضوية LED', 'أضوية زينون', 'مدخل AUX/USB', 'بلوتوث', 'ABS']",25000.0
32,https://jo.opensooq.com/ar/search/186868921/%D9%83%D9%8A%D8%A7-%D8%B3%D9%8A%D9%81%D9%8A%D8%A7-%D9%84%D9%84%D8%A8%D9%8A%D8%B9,عمان,ابو علندا,كيا,سيفيا,1994,مواصفات أخرى,يدوي/عادي,بنزين,خمري,مستعمل,"١٠,٠٠٠ - ١٩,٩٩٩",أعيد دهانها كلياً,أخرى,مجمركة,مرخصة,تأمين إلزامي,كاش فقط,"['مرايا كهربائية', 'مكيف', 'أضوية زينون', 'مدخل AUX/USB', 'بلوتوث', 'سنترلوك']",1800.0
33,https://jo.opensooq.com/ar/search/186868447/%D9%87%D9%8A%D9%88%D9%86%D8%AF%D8%A7%D9%8A-%D8%AA%D9%88%D8%B3%D8%A7%D9%86-2010%D8%A7%D9%84%D9%82%D8%B5%D9%87-%D8%A7%D9%84%D8%AD%D8%AF%D9%8A%D8%AB%D9%87-%D9%85%D8%A7%D8%AA%D9%88%D8%B1-2000-%D8%B3%D9%8A-%D8%B3%D9%8A,عمان,المقابلين,هيونداي,توسان,2010,مواصفات خليجية,اوتوماتيك,بنزين,أبيض,مستعمل,"٢٠,٠٠٠ - ٢٩,٩٩٩",أعيد دهانها كلياً,ممتازة بدون حوادث,مجمركة,مرخصة,تأمين إلزامي,كاش أو أقساط,"['مرايا كهربائية', 'شاشة لمس', 'مثبت سرعة', 'دخول بدون مفتاح', 'مكيف', 'كاميرا خلفية', 'كراسي جلد', 'أضوية LED', 'أضوية زينون', 'مدخل AUX/USB', 'بلوتوث', 'ABS', 'سنترلوك']",10500.0
34,https://jo.opensooq.com/ar/search/186867873/%D8%A8%D8%A7%D8%B5-%D9%85%D8%B1%D8%B3%D9%8A%D8%AF%D8%B3-%D9%84%D9%84%D8%A8%D9%8A%D8%B9,عمان,ابو علندا,مرسيدس بنز,سبرينتر,2013,مواصفات أخرى,يدوي/عادي,ديزل,أزرق,مستعمل,"١٥٠,٠٠٠ - ١٥٩,٩٩٩",أعيد دهانها جزئياً,ممتازة بدون حوادث,مجمركة,مرخصة,تأمين إلزامي,كاش فقط,"['مرايا كهربائية', 'نظام ملاحة', 'دخول بدون مفتاح', 'حساسات اصطفاف', 'كراسي جلد', 'أكياس هوائية', 'أضوية LED', 'بلوتوث', 'ABS', 'سنترلوك']",
35,https://jo.opensooq.com/ar/search/186867847/%D8%B3%D9%8A%D9%81%D9%8A%D8%A71%D9%83%D9%8A%D8%A7,عمان,جاوا,كيا,سيفيا,1997,مواصفات أخرى,يدوي/عادي,بنزين,أخضر,مستعمل,"١,٠٠٠ - ٩,٩٩٩",أخرى,أخرى,مجمركة,مرخصة,تأمين إلزامي,كاش فقط,"['فتحة', 'مرايا كهربائية', 'شاشة لمس', 'نظام ملاحة', 'مثبت سرعة', 'دخول بدون مفتاح', 'مكيف', 'كاميرا خلفية', 'حساسات اصطفاف', 'كراسي جلد', 'كراسي مدفأة', 'أكياس هوائية', 'أضوية LED', 'أضوية زينون', 'مدخل AUX/USB', 'بلوتوث', 'ABS']",2500.0
36,https://jo.opensooq.com/ar/search/186867789/%D9%83%D9%8A%D8%A7-%D9%86%D9%8A%D8%B1%D9%88-2019-%D8%AC%D9%85%D8%B1%D9%83-%D8%AC%D8%AF%D9%8A%D8%AF-%D8%AA%D9%88%D8%B1%D9%86%D9%86%D8%AC-%D9%81%D9%84-%D8%B9%D8%AF%D8%A7-%D8%A7%D9%84%D9%81%D8%AA%D8%AD%D9%87,عمان,الدوار السابع,كيا,نيرو,2019,مواصفات أمريكية,اوتوماتيك,هايبرد,رمادي,مستعمل,"٤٠,٠٠٠ - ٤٩,٩٩٩",أعيد دهانها جزئياً,جيد (عيوب بسيطة في البودي),مجمركة,مرخصة,تأمين شامل,كاش فقط,"['ABS', 'دخول بدون مفتاح', 'مثبت سرعة', 'بلوتوث', 'كراسي مدفأة', 'مرايا كهربائية', 'أضوية LED', 'كاميرا خلفية', 'أكياس هوائية', 'مكيف', 'سنترلوك', 'نظام ملاحة', 'مدخل AUX/USB', 'كراسي جلد', 'شاشة لمس', 'أضوية زينون']",17500.0
37,https://jo.opensooq.com/ar/search/186867731/%D9%83%D8%A7%D8%AF%D9%8A%D9%84%D8%A7%D9%83-bls-model-2006,عمان,المدينة الرياضية,كاديلاك,BLS,2006,مواصفات أخرى,اوتوماتيك,بنزين,بيج,مستعمل,"١١٠,٠٠٠ - ١١٩,٩٩٩",الدهان الأصلي,ممتازة بدون حوادث,مجمركة,مرخصة,تأمين إلزامي,كاش فقط,"['فتحة', 'مرايا كهربائية', 'مثبت سرعة', 'مكيف', 'حساسات اصطفاف', 'كراسي جلد', 'أكياس هوائية', 'أضوية زينون', 'مدخل AUX/USB', 'ABS', 'سنترلوك']",
38,https://jo.opensooq.com/ar/search/186867347/%D8%A7%D9%81%D8%A7%D9%86%D8%AA%D9%8A-md-2011,عمان,جبل الحسين,هيونداي,افانتي,2011,مواصفات أوروبية,يدوي/عادي,بنزين,أبيض,مستعمل,"١,٠٠٠ - ٩,٩٩٩",الدهان الأصلي,ممتازة بدون حوادث,غير مجمركة,مرخصة,تأمين إلزامي,كاش فقط,"['مكيف', 'مرايا كهربائية', 'كراسي جلد', 'كراسي مدفأة', 'أكياس هوائية', 'مدخل AUX/USB', 'أضوية LED', 'بلوتوث', 'ABS', 'سنترلوك']",3000.0
39,https://jo.opensooq.com/ar/search/186866835/%D8%A8%D9%8A%D8%AC%D9%88-206-%D8%AC%D9%8A%D8%B1-%D8%B9%D8%A7%D8%AF%D9%8A-%D9%85%D8%B1%D8%AE%D8%B5%D9%87-%D8%B3%D9%86%D9%87,عمان,المقابلين,بيجو,206,2002,مواصفات يابانية,يدوي/عادي,بنزين,خمري,مستعمل,٠,أعيد دهانها كلياً,أخرى,مجمركة,مرخصة,تأمين إلزامي,كاش فقط,[],2700.0
40,https://jo.opensooq.com/ar/search/186866669/%D9%85%D8%B1%D8%B3%D9%8A%D8%AF%D8%B3-%D8%A8%D8%B7%D8%A9-1992%D9%84%D9%84%D8%A8%D9%8A%D8%B9,عمان,جبل النزهة,مرسيدس بنز,E 200,1992,مواصفات أخرى,اوتوماتيك,بنزين,رمادي,مستعمل,٠,أعيد دهانها كلياً,جيد (عيوب بسيطة في البودي),مجمركة,غير مرخصة,تأمين إلزامي,كاش فقط,"['فتحة', 'نظام ملاحة', 'مدخل AUX/USB', 'ABS', 'سنترلوك']",5000.0
41,https://jo.opensooq.com/ar/search/186866571/%D9%85%D9%8A%D8%AA%D8%B3%D9%88%D8%A8%D9%8A%D8%B4%D9%8A-%D9%84%D8%A7%D9%86%D8%B3%D8%B1-%D9%84%D9%84%D8%A8%D9%8A%D8%B9-1999,عمان,ناعور,ميتسوبيشي,لانسر,1999,مواصفات أخرى,يدوي/عادي,بنزين,خمري,مستعمل,"١٠,٠٠٠ - ١٩,٩٩٩",أعيد دهانها جزئياً,جيد (عيوب بسيطة في البودي),مجمركة,مرخصة,تأمين شامل,كاش فقط,"['مكيف', 'كراسي جلد', 'مدخل AUX/USB', 'سنترلوك']",4700.0
42,https://jo.opensooq.com/ar/search/186866495/%D9%87%D9%88%D9%86%D8%AF%D8%A7-%D8%B3%D9%8A%D9%81%D9%8A%D9%83-2001,عمان,صويلح,هوندا,سيفيك,2001,مواصفات يابانية,يدوي/عادي,بنزين,ذهبي,مستعمل,"١٩٠,٠٠٠ - ١٩٩,٩٩٩",أخرى,أخرى,مجمركة,مرخصة,تأمين إلزامي,كاش فقط,"['مكيف', 'سنترلوك']",4800.0
43,https://jo.opensooq.com/ar/search/186866019/%D9%86%D9%8A%D8%B3%D8%A7%D9%86-%D9%85%D9%88%D8%B1%D8%A7%D9%86%D9%88-%D9%84%D9%84%D8%A8%D9%8A%D8%B9-%D8%A8%D8%B3%D8%B9%D8%B1-%D9%85%D8%BA%D8%B1%D9%8A,عمان,القويسمة,نيسان,مورانو,2008,مواصفات أخرى,اوتوماتيك,بنزين,بني,مستعمل,"١٠,٠٠٠ - ١٩,٩٩٩",أعيد دهانها كلياً,ممتازة بدون حوادث,مجمركة,مرخصة,تأمين إلزامي,كاش فقط,"['مرايا كهربائية', 'سنترلوك', 'مثبت سرعة', 'مكيف', 'كراسي جلد', 'كراسي مدفأة', 'أكياس هوائية', 'أضوية LED', 'مدخل AUX/USB', 'بلوتوث', 'ABS']",6000.0
44,https://jo.opensooq.com/ar/search/186865189/%D9%87%D9%88%D9%86%D8%AF%D8%A7-2011,عمان,ماركا,هوندا,CR-Z,2011,مواصفات أخرى,اوتوماتيك,بنزين,أزرق,مستعمل,"٢٠٠,٠٠٠+",الدهان الأصلي,ممتازة بدون حوادث,مجمركة,مرخصة,تأمين شامل,كاش فقط,"['مرايا كهربائية', 'شاشة لمس', 'نظام ملاحة', 'مثبت سرعة', 'مكيف', 'كاميرا خلفية', 'حساسات اصطفاف', 'كراسي جلد', 'كراسي مدفأة', 'أكياس هوائية', 'أضوية LED', 'أضوية زينون', 'مدخل AUX/USB', 'بلوتوث', 'ABS', 'سنترلوك']",7800.0
45,https://jo.opensooq.com/ar/search/186864515/%D8%B4%D9%8A%D9%81%D8%B1%D9%88%D9%84%D9%8A%D9%87-%D8%AA%D8%B1%D9%8A%D9%84-%D8%A8%D9%84%D9%8A%D8%B2%D8%B1-lt,عمان,المقابلين,شيفروليه,تريل بليزر,2006,مواصفات أمريكية,اوتوماتيك,بنزين,أسود,مستعمل,"٢٠٠,٠٠٠+",الدهان الأصلي,ممتازة بدون حوادث,مجمركة,مرخصة,تأمين إلزامي,كاش فقط,"['مرايا كهربائية', 'شاشة لمس', 'نظام ملاحة', 'مثبت سرعة', 'دخول بدون مفتاح', 'مكيف', 'كاميرا خلفية', 'حساسات اصطفاف', 'كراسي جلد', 'كراسي مدفأة', 'أكياس هوائية', 'أضوية LED', 'أضوية زينون', 'مدخل AUX/USB', 'بلوتوث', 'ABS', 'سنترلوك']",7000.0
46,https://jo.opensooq.com/ar/search/186864495/%D8%B4%D9%8A%D9%81%D8%B1%D9%88%D9%84%D9%8A%D9%87-%D9%83%D8%B1%D9%88%D8%B2-2017-%D8%A7%D9%88%D8%AA%D9%88%D9%85%D8%A7%D8%AA%D9%8A%D9%83,عمان,أخرى,شيفروليه,أخرى,2017,مواصفات أخرى,اوتوماتيك,ديزل,أسود,مستعمل,٠,الدهان الأصلي,أخرى,مجمركة,مرخصة,تأمين شامل,كاش فقط,"['سنترلوك', 'ABS', 'بلوتوث', 'مدخل AUX/USB', 'أضوية زينون', 'أضوية LED', 'أكياس هوائية', 'كراسي مدفأة', 'كراسي جلد', 'حساسات اصطفاف', 'كاميرا خلفية', 'مكيف', 'مثبت سرعة', 'نظام ملاحة', 'شاشة لمس', 'مرايا كهربائية', 'فتحة']",11700.0
47,https://jo.opensooq.com/ar/search/186864299/%D9%83%D9%8A%D8%A7-%D8%B3%D8%A8%D9%88%D8%B1%D8%AA%D8%AC-2005-%D9%83%D9%84%D8%B4%D9%8A-%D8%A7%D8%B5%D9%84%D9%8A-%D8%B5%D9%8A%D8%A7%D9%86%D8%A9-%D8%AF%D9%88%D8%B1%D9%8A%D8%A9-%D8%BA%D8%B1%D9%81%D8%A9-%D9%88%D9%83%D8%A7%D9%84%D8%A9-%D8%B4%D8%B1%D9%83%D8%A9-%D9%85%D8%B1%D8%AE%D8%B5%D8%A9-%D8%B3%D9%86%D8%A9-%D9%83%D8%A7%D9%85%D9%84%D8%A9,عمان,الرجيب,كيا,سبورتاج,2005,مواصفات أمريكية,اوتوماتيك,بنزين,فضي,مستعمل,٠,الدهان الأصلي,أخرى,مجمركة,مرخصة,تأمين إلزامي,كاش فقط,"['مرايا كهربائية', 'نظام ملاحة', 'مثبت سرعة', 'مكيف', 'أكياس هوائية', 'سنترلوك', 'ABS', 'بلوتوث', 'مدخل AUX/USB']",7500.0
48,https://jo.opensooq.com/ar/search/186864071/%D8%AA%D9%88%D9%8A%D9%88%D8%AA%D8%A7-%D9%83%D8%B1%D9%88%D9%84%D8%A7,عمان,جبل النصر,تويوتا,كورولا,1995,مواصفات يابانية,يدوي/عادي,بنزين,أخضر,مستعمل,"١,٠٠٠ - ٩,٩٩٩",الدهان الأصلي,ممتازة بدون حوادث,مجمركة,مرخصة,تأمين إلزامي,كاش فقط,"['شاشة لمس', 'دخول بدون مفتاح', 'مكيف', 'كاميرا خلفية', 'كراسي جلد', 'أضوية LED', 'أضوية زينون', 'مدخل AUX/USB', 'بلوتوث', 'ABS', 'سنترلوك']",3800.0
49,https://jo.opensooq.com/ar/search/186863915/%D8%AC%D9%8A%D8%A8-%D9%84%D9%8A%D8%A8%D8%B1%D8%AA%D9%8A-2003-%D9%84%D9%84%D8%A8%D9%8A%D8%B9-%D8%A8%D8%AF%D8%A7%D8%B9%D9%8A-%D8%A7%D9%84%D8%B3%D9%81%D8%B1,عمان,الجاردنز,جيب,ليبرتى,2003,مواصفات أمريكية,اوتوماتيك,بنزين,أسود,مستعمل,"٢٠٠,٠٠٠+",الدهان الأصلي,جيد (عيوب بسيطة في البودي),مجمركة,غير مرخصة,غير مؤمنّة,كاش فقط,"['مرايا كهربائية', 'مكيف', 'كراسي جلد']",4250.0
50,https://jo.opensooq.com/ar/search/186863765/%D8%AF%D8%A7%D9%8A%D9%88-%D9%86%D9%88%D8%A8%D8%B1%D8%A7-97-%D9%88%D9%86,عمان,ماركا,دايو,نوبيرا,1997,مواصفات أخرى,يدوي/عادي,بنزين,أخضر,جديد,"١٩٠,٠٠٠ - ١٩٩,٩٩٩",الدهان الأصلي,ممتازة بدون حوادث,مجمركة,مرخصة,تأمين إلزامي,كاش فقط,"['مرايا كهربائية', 'مكيف']",2500.0
51,https://jo.opensooq.com/ar/search/186863699/%D8%A7%D9%84%D9%87%D8%A7%D8%B4%D9%85%D9%8A-%D8%A7%D9%84%D8%B4%D9%85%D8%A7%D9%84%D9%8A,عمان,الهاشمي الشمالي,ميتسوبيشي,لانسر,1991,مواصفات أوروبية,اوتوماتيك,بنزين,رمادي,مستعمل,٠,أخرى,ممتازة بدون حوادث,مجمركة,مرخصة,تأمين إلزامي,كاش فقط,['فتحة'],3500.0
52,https://jo.opensooq.com/ar/search/186863545/%D9%85%D9%88%D8%AC%D9%88%D8%AF-%D8%A8%D8%A7%D8%B5-%D8%A8%D8%AD%D8%A7%D8%AC%D9%87-%D9%84%D9%84%D8%AA%D8%B1%D8%AE%D9%8A%D8%B5-%D9%88%D9%85%D8%A7%D8%AA%D9%88%D8%B1,عمان,ماركا,كيا,بريجيو,1998,مواصفات أخرى,يدوي/عادي,ديزل,أزرق,مستعمل,"١٠,٠٠٠ - ١٩,٩٩٩",أخرى,أخرى,مجمركة,غير مرخصة,تأمين إلزامي,كاش فقط,['مدخل AUX/USB'],2000.0
53,https://jo.opensooq.com/ar/search/186863137/%D9%81%D9%88%D8%B1%D8%AF-%D8%A7%D9%83%D8%B3%D8%A8%D9%84%D9%88%D9%84%D8%B1-2008-%D8%A8%D8%B3%D8%B9%D8%B1-%D9%85%D8%BA%D8%B1%D9%8A,عمان,خلدا,فورد,إكسبلورر,2008,مواصفات أمريكية,اوتوماتيك,بنزين,خمري,مستعمل,"١,٠٠٠ - ٩,٩٩٩",الدهان الأصلي,ممتازة بدون حوادث,مجمركة,مرخصة,تأمين إلزامي,كاش فقط,"['فتحة', 'مرايا كهربائية', 'شاشة لمس', 'نظام ملاحة', 'مثبت سرعة', 'مكيف', 'كاميرا خلفية', 'حساسات اصطفاف', 'كراسي جلد', 'أكياس هوائية', 'بلوتوث', 'مدخل AUX/USB', 'ABS', 'سنترلوك']",8600.0
54,https://jo.opensooq.com/ar/search/186863085/%D8%A3%D9%82%D8%B1%D8%A3-%D8%A7%D9%84%D9%88%D8%B5%D9%81-%D8%A7%D8%B9%D9%84%D8%A7%D9%86,عمان,جبل النصر,كيا,بريجيو,1997,مواصفات أخرى,يدوي/عادي,ديزل,أزرق,مستعمل,"٢٠٠,٠٠٠+",أخرى,أخرى,مجمركة,مرخصة,تأمين شامل,كاش فقط,"['فتحة', 'مرايا كهربائية', 'شاشة لمس', 'نظام ملاحة', 'مثبت سرعة', 'دخول بدون مفتاح', 'مكيف', 'كاميرا خلفية', 'حساسات اصطفاف', 'كراسي جلد', 'كراسي مدفأة', 'أكياس هوائية', 'أضوية LED', 'أضوية زينون', 'مدخل AUX/USB', 'بلوتوث', 'ABS', 'سنترلوك']",2100.0
55,https://jo.opensooq.com/ar/search/186862983/bmw-2003-525,عمان,سحاب,بي ام دبليو,525,2003,مواصفات أخرى,اوتوماتيك,بنزين,أزرق,مستعمل,"١٠,٠٠٠ - ١٩,٩٩٩",أخرى,أخرى,مجمركة,مرخصة,تأمين إلزامي,كاش فقط,"['فتحة', 'مرايا كهربائية', 'شاشة لمس', 'مثبت سرعة', 'مكيف', 'كاميرا خلفية', 'حساسات اصطفاف', 'كراسي جلد', 'أكياس هوائية', 'أضوية زينون', 'ABS', 'سنترلوك']",7500.0
56,https://jo.opensooq.com/ar/search/186862677/%D9%87%D9%8A%D9%88%D9%86%D8%AF%D8%A7%D9%8A-%D8%A7%D9%85-%D8%AF%D9%8A-2013-%D8%A8%D8%AD%D8%A7%D9%84-%D8%A7%D9%84%D9%88%D9%83%D8%A7%D9%84%D8%A9-%D9%84%D9%84%D8%A8%D9%8A%D8%B9,عمان,طبربور,هيونداي,افانتي,2013,مواصفات أخرى,اوتوماتيك,بنزين,أزرق,مستعمل,"١٧٠,٠٠٠ - ١٧٩,٩٩٩",أخرى,أخرى,مجمركة,مرخصة,تأمين إلزامي,كاش فقط,"['نظام ملاحة', 'مدخل AUX/USB', 'بلوتوث', 'ABS', 'سنترلوك', 'شاشة لمس', 'مرايا كهربائية', 'مكيف', 'كاميرا خلفية', 'حساسات اصطفاف', 'كراسي جلد', 'كراسي مدفأة', 'أكياس هوائية', 'أضوية LED']",
57,https://jo.opensooq.com/ar/search/186862441/ford-f150-2011,عمان,خلدا,فورد,F-150,2011,مواصفات أمريكية,اوتوماتيك,بنزين,أسود,مستعمل,"٢٠٠,٠٠٠+",الدهان الأصلي,ممتازة بدون حوادث,مجمركة,مرخصة,تأمين إلزامي,كاش فقط,"['فتحة', 'مرايا كهربائية', 'شاشة لمس', 'نظام ملاحة', 'مثبت سرعة', 'مكيف', 'دخول بدون مفتاح', 'كاميرا خلفية', 'حساسات اصطفاف', 'كراسي جلد', 'كراسي مدفأة', 'أكياس هوائية', 'أضوية LED', 'أضوية زينون', 'مدخل AUX/USB', 'بلوتوث', 'ABS', 'سنترلوك']",11500.0
58,https://jo.opensooq.com/ar/search/186862437/honda-cr-z-2014,عمان,أخرى,هوندا,CR-Z,2014,مواصفات أمريكية,اوتوماتيك,هايبرد,رمادي,مستعمل,"١٩٠,٠٠٠ - ١٩٩,٩٩٩",الدهان الأصلي,ممتازة بدون حوادث,مجمركة,مرخصة,تأمين إلزامي,كاش فقط,"['مرايا كهربائية', 'مثبت سرعة', 'مكيف', 'كاميرا خلفية', 'حساسات اصطفاف', 'كراسي جلد', 'أكياس هوائية', 'مدخل AUX/USB', 'بلوتوث', 'ABS', 'سنترلوك']",
59,https://jo.opensooq.com/ar/search/186862417/%D9%86%D9%8A%D8%B3%D8%A7%D9%86-%D8%A8%D8%A7%D8%AB%D9%81%D9%8A%D9%86%D8%AF%D8%B1-2014,عمان,تلاع العلي,نيسان,باثفايندر,2014,مواصفات أمريكية,اوتوماتيك,هايبرد,أزرق,مستعمل,"٩٠,٠٠٠ - ٩٩,٩٩٩",الدهان الأصلي,ممتازة بدون حوادث,مجمركة,مرخصة,تأمين شامل,كاش فقط,"['مرايا كهربائية', 'مثبت سرعة', 'دخول بدون مفتاح', 'كاميرا خلفية', 'حساسات اصطفاف', 'أكياس هوائية', 'أضوية LED', 'مدخل AUX/USB', 'بلوتوث', 'ABS', 'سنترلوك']",16500.0
60,https://jo.opensooq.com/ar/search/186862011/%D8%AF%D9%8A%D8%A7%D9%86%D8%A7-%D9%87%D9%8A%D9%88%D9%86%D8%AF%D8%A7%D9%8A-%D9%85%D8%A7%D9%8A%D8%AA%D9%8A-%D9%82%D9%84%D8%A7%D8%A8-2016,عمان,جبل النصر,هيونداي,مايتي,2016,مواصفات أخرى,يدوي/عادي,ديزل,أبيض,مستعمل,٠,أخرى,أخرى,مجمركة,مرخصة,تأمين إلزامي,كاش فقط,['مكيف'],
61,https://jo.opensooq.com/ar/search/186861825/%D9%86%D9%8A%D8%B3%D8%A7%D9%86-%D9%86%D9%8A%D9%81%D8%A7%D8%B1%D8%A7-2017,عمان,الحرّيّة,نيسان,بيك اب,2017,مواصفات أخرى,يدوي/عادي,ديزل,فضي,مستعمل,"١,٠٠٠ - ٩,٩٩٩",الدهان الأصلي,ممتازة بدون حوادث,مجمركة,مرخصة,تأمين شامل,كاش فقط,"['مرايا كهربائية', 'نظام ملاحة', 'مثبت سرعة', 'مكيف', 'كاميرا خلفية', 'حساسات اصطفاف', 'كراسي مدفأة', 'أكياس هوائية', 'أضوية LED', 'أضوية زينون', 'مدخل AUX/USB', 'بلوتوث', 'ABS', 'سنترلوك']",
62,https://jo.opensooq.com/ar/search/186861713/%D9%88%D8%B7%D9%88%D8%A7%D8%B7-bmw-e36,عمان,شفا بدران,بي ام دبليو,318,1991,مواصفات أخرى,يدوي/عادي,بنزين,خمري,مستعمل,٠,أخرى,جيد (عيوب بسيطة في البودي),مجمركة,مرخصة,تأمين إلزامي,كاش فقط,"['فتحة', 'سنترلوك', 'ABS', 'كراسي جلد']",3500.0
63,https://jo.opensooq.com/ar/search/186861445/%D9%85%D8%B1%D8%B3%D9%8A%D8%AF%D8%B3-c200%D9%83%D9%8A%D8%AAamg-%D8%A3%D9%84%D9%85%D8%A7%D9%86%D9%8A,عمان,خلدا,مرسيدس بنز,C 200,2021,مواصفات أوروبية,اوتوماتيك,بنزين,بني,جديد,"١,٠٠٠ - ٩,٩٩٩",الدهان الأصلي,ممتازة بدون حوادث,مجمركة,مرخصة,تأمين شامل,كاش فقط,"['مرايا كهربائية', 'شاشة لمس', 'نظام ملاحة', 'مثبت سرعة', 'كاميرا خلفية', 'حساسات اصطفاف', 'كراسي جلد', 'كراسي مدفأة', 'أضوية LED', 'أضوية زينون', 'ABS', 'سنترلوك']",
64,https://jo.opensooq.com/ar/search/186860703/%D9%85%D8%B1%D8%B3%D9%8A%D8%AF%D8%B3-e200-2016-%D9%81%D8%AD%D8%B5-%D9%83%D8%A7%D9%85%D9%84,عمان,ابو نصير,مرسيدس بنز,E 200,2016,مواصفات أوروبية,اوتوماتيك,بنزين,أسود,مستعمل,"٩٠,٠٠٠ - ٩٩,٩٩٩",الدهان الأصلي,ممتازة بدون حوادث,مجمركة,مرخصة,تأمين إلزامي,كاش فقط,"['فتحة', 'مرايا كهربائية', 'شاشة لمس', 'نظام ملاحة', 'مثبت سرعة', 'مكيف', 'حساسات اصطفاف', 'كراسي جلد', 'أكياس هوائية', 'أضوية LED', 'أضوية زينون', 'مدخل AUX/USB', 'بلوتوث', 'ABS', 'سنترلوك']",33500.0
65,https://jo.opensooq.com/ar/search/186860237/%D8%B4%D9%8A%D9%81%D8%B1%D9%88%D9%84%D9%8A%D9%87-%D9%83%D8%B1%D9%88%D8%B2-2017,عمان,أخرى,شيفروليه,كروز,2017,مواصفات أخرى,اوتوماتيك,بنزين,أسود,مستعمل,"١,٠٠٠ - ٩,٩٩٩",أخرى,أخرى,مجمركة,مرخصة,تأمين إلزامي,كاش فقط,"['بلوتوث', 'مدخل AUX/USB']",11700.0
66,https://jo.opensooq.com/ar/search/186859613/%D9%81%D9%88%D8%B1%D8%AF-f150-%D9%84%D9%84%D8%A8%D9%8A%D8%B9,عمان,مرج الحمام,فورد,F-150,2009,مواصفات أمريكية,اوتوماتيك,بنزين,بني,مستعمل,"١٩٠,٠٠٠ - ١٩٩,٩٩٩",الدهان الأصلي,ممتازة بدون حوادث,مجمركة,مرخصة,تأمين إلزامي,كاش أو أقساط,"['مرايا كهربائية', 'شاشة لمس', 'نظام ملاحة', 'مثبت سرعة', 'مكيف', 'كاميرا خلفية', 'حساسات اصطفاف', 'أكياس هوائية', 'أضوية LED', 'أضوية زينون', 'مدخل AUX/USB', 'بلوتوث', 'ABS', 'سنترلوك']",12500.0
67,https://jo.opensooq.com/ar/search/186859615/bmw-e36-1995-%D9%84%D9%84%D8%A8%D9%8A%D8%B9,عمان,سحاب,بي ام دبليو,318,1995,مواصفات يابانية,اوتوماتيك,بنزين,أخضر,مستعمل,"١٠,٠٠٠ - ١٩,٩٩٩",أعيد دهانها كلياً,أخرى,مجمركة,مرخصة,تأمين إلزامي,كاش أو أقساط,"['مرايا كهربائية', 'مكيف', 'كراسي جلد', 'أكياس هوائية', 'ABS', 'مدخل AUX/USB', 'سنترلوك']",4800.0
68,https://jo.opensooq.com/ar/search/186859461/%D9%83%D9%8A%D8%A7-%D8%B3%D9%8A%D9%81%D9%8A%D8%A7-2,عمان,طريق المطار - جسر مادبا,كيا,سيفيا,1997,مواصفات أخرى,اوتوماتيك,بنزين,أخضر,مستعمل,٠,أخرى,ممتازة بدون حوادث,مجمركة,مرخصة,تأمين إلزامي,كاش فقط,"['مرايا كهربائية', 'مكيف', 'سنترلوك']",3500.0
69,https://jo.opensooq.com/ar/search/186859335/%D8%AF%D8%A7%D9%8A%D9%88-%D9%84%D9%8A%D9%85%D9%86%D8%B2-1994,عمان,البيادر,دايو,ليمنز,1994,مواصفات أخرى,اوتوماتيك,بنزين,خمري,مستعمل,"١,٠٠٠ - ٩,٩٩٩",أخرى,أخرى,مجمركة,مرخصة,تأمين شامل,كاش فقط,['بلوتوث'],2100.0
70,https://jo.opensooq.com/ar/search/186859295/%D9%86%D9%8A%D8%B3%D8%A7%D9%86-%D8%A8%D8%A7%D8%AB%D9%81%D8%A7%D9%8A%D9%86%D8%AF%D8%B1-2015-%D8%AA%D9%85-%D8%AA%D8%B1%D9%83%D9%8A%D8%A8-%D9%82%D9%8A%D8%B1-%D8%AC%D9%8A%D8%AF%D9%8A%D8%AF-%D9%85%D9%88%D8%AF%D9%8A%D9%84-2018,عمان,خلدا,نيسان,باثفايندر,2015,مواصفات أخرى,اوتوماتيك,هايبرد,أسود,مستعمل,"٢٠,٠٠٠ - ٢٩,٩٩٩",أعيد دهانها كلياً,أخرى,مجمركة,مرخصة,تأمين إلزامي,كاش فقط,"['فتحة', 'مرايا كهربائية', 'شاشة لمس', 'مثبت سرعة', 'دخول بدون مفتاح', 'مكيف', 'كاميرا خلفية', 'كراسي جلد', 'أكياس هوائية', 'أضوية LED', 'مدخل AUX/USB', 'ABS', 'سنترلوك']",23000.0
71,https://jo.opensooq.com/ar/search/186859103/%D9%83%D9%8A%D8%A7-%D8%B3%D9%8A%D9%81%D9%8A%D8%A7-%D8%AA%D9%88-%D9%85%D9%88%D8%AF%D9%8A%D9%84-1997-%D9%84%D9%84%D8%A8%D9%8A%D8%B9,عمان,طريق المطار - جسر مادبا,كيا,سيفيا,1997,مواصفات أخرى,اوتوماتيك,بنزين,أخضر,مستعمل,"٢٠٠,٠٠٠+",الدهان الأصلي,جيد (عيوب بسيطة في البودي),مجمركة,مرخصة,تأمين إلزامي,كاش فقط,"['مرايا كهربائية', 'مكيف']",3500.0
72,https://jo.opensooq.com/ar/search/186858783/%D9%85%D8%B1%D8%B3%D9%8A%D8%AF%D8%B3,عمان,البنيات,مرسيدس بنز,E 200,1990,مواصفات أخرى,اوتوماتيك,بنزين,بني,جديد,"٢٠,٠٠٠ - ٢٩,٩٩٩",أخرى,أخرى,مجمركة,غير مرخصة,غير مؤمنّة,كاش فقط,"['فتحة', 'مرايا كهربائية', 'مكيف', 'كراسي جلد', 'ABS', 'سنترلوك']",4800.0
73,https://jo.opensooq.com/ar/search/186858015/%D9%84%D8%A7%D9%86%D8%B3%D8%B1-%D9%85%D9%88%D8%AF%D9%8A%D9%84-1997,عمان,مرج الحمام,ميتسوبيشي,لانسر,1997,مواصفات أخرى,اوتوماتيك,بنزين,أخضر,مستعمل,"١,٠٠٠ - ٩,٩٩٩",الدهان الأصلي,ممتازة بدون حوادث,مجمركة,مرخصة,تأمين إلزامي,كاش فقط,"['شاشة لمس', 'مرايا كهربائية', 'مكيف', 'كاميرا خلفية', 'حساسات اصطفاف', 'كراسي جلد', 'كراسي مدفأة', 'أضوية LED', 'مدخل AUX/USB', 'بلوتوث', 'سنترلوك']",5500.0
74,https://jo.opensooq.com/ar/search/186857683/%D9%87%D9%88%D9%86%D8%AF%D8%A7%D9%8A-%D8%A7%D9%81%D8%A7%D9%86%D8%AA%D9%8A-1996,عمان,صويلح,هيونداي,افانتي,1996,مواصفات أخرى,يدوي/عادي,بنزين,أخضر,مستعمل,"٢٠٠,٠٠٠+",أخرى,أخرى,مجمركة,مرخصة,تأمين إلزامي,كاش فقط,"['مكيف', 'كراسي جلد']",2900.0
75,https://jo.opensooq.com/ar/search/186857575/bmw-e90-320-2007,عمان,الياسمين,بي ام دبليو,320,2007,مواصفات أوروبية,اوتوماتيك,بنزين,أسود,مستعمل,"١٩٠,٠٠٠ - ١٩٩,٩٩٩",أعيد دهانها جزئياً,ممتازة بدون حوادث,مجمركة,مرخصة,تأمين شامل,كاش فقط,"['فتحة', 'مرايا كهربائية', 'مكيف', 'حساسات اصطفاف', 'كراسي جلد', 'أكياس هوائية', 'أضوية LED', 'أضوية زينون', 'مدخل AUX/USB', 'بلوتوث', 'ABS', 'سنترلوك']",
76,https://jo.opensooq.com/ar/search/186857337/bmw-e36-%D9%88%D8%B7%D9%88%D8%A7%D8%B7-1996,عمان,دابوق,بي ام دبليو,320,1996,مواصفات يابانية,يدوي/عادي,بنزين,أزرق,مستعمل,٠,أعيد دهانها كلياً,أخرى,مجمركة,مرخصة,تأمين إلزامي,كاش فقط,"['فتحة', 'مكيف', 'كراسي جلد', 'أكياس هوائية', 'أضوية زينون', 'مدخل AUX/USB', 'بلوتوث', 'سنترلوك']",6300.0
77,https://jo.opensooq.com/ar/search/186857111/%D8%A8%D8%B1%D9%8A%D9%88%D8%B3-2015-%D9%84%D9%84%D8%A8%D9%8A%D8%B9-%D9%85%D8%A7%D8%B4%D8%A7%D8%A1-%D8%A7%D9%84%D9%84%D9%87-%D9%84%D9%84%D9%82%D9%86%D9%87-%D9%81%D9%82%D8%B7-%D9%84%D9%88%D9%86-%D8%AE%D9%85%D8%B1%D9%8A,عمان,طبربور,تويوتا,بريوس,2015,مواصفات أمريكية,اوتوماتيك,هايبرد,خمري,مستعمل,٠,أخرى,أخرى,مجمركة,مرخصة,تأمين إلزامي,كاش فقط,"['مرايا كهربائية', 'شاشة لمس', 'نظام ملاحة', 'مثبت سرعة', 'مكيف', 'كاميرا خلفية', 'حساسات اصطفاف', 'أكياس هوائية', 'أضوية LED', 'مدخل AUX/USB', 'بلوتوث', 'ABS', 'سنترلوك']",
78,https://jo.opensooq.com/ar/search/186857037/%D9%85%D9%8A%D8%AA%D8%B3%D9%88%D8%A8%D9%8A%D8%B4%D9%8A-%D9%85%D9%86%D9%8A,عمان,عراق الامير,ميتسوبيشي,باجيرو ميني,1999,مواصفات أوروبية,اوتوماتيك,بنزين,أبيض,مستعمل,"١,٠٠٠ - ٩,٩٩٩",الدهان الأصلي,ممتازة بدون حوادث,مجمركة,مرخصة,تأمين إلزامي,كاش فقط,"['فتحة', 'مرايا كهربائية', 'مكيف', 'أكياس هوائية', 'أضوية LED', 'ABS']",5100.0
79,https://jo.opensooq.com/ar/search/186856897/mazda-6-2018,عمان,طبربور,مازدا,6,2018,مواصفات أخرى,اوتوماتيك,بنزين,رمادي,مستعمل,"١٣٠,٠٠٠ - ١٣٩,٩٩٩",الدهان الأصلي,ممتازة بدون حوادث,مجمركة,مرخصة,تأمين إلزامي,كاش فقط,"['مرايا كهربائية', 'ABS', 'سنترلوك', 'شاشة لمس', 'نظام ملاحة', 'مثبت سرعة', 'مكيف', 'كاميرا خلفية', 'أكياس هوائية', 'مدخل AUX/USB', 'بلوتوث']",
80,https://jo.opensooq.com/ar/search/186856783/%D8%A7%D9%88%D8%A8%D9%84-%D9%83%D8%A7%D8%AF%D9%8A%D8%AA,عمان,طبربور,أوبل,كاديت,1986,مواصفات أخرى,يدوي/عادي,بنزين,أحمر,مستعمل,٠,الدهان الأصلي,ممتازة بدون حوادث,مجمركة,مرخصة,تأمين إلزامي,كاش فقط,[],1700.0
81,https://jo.opensooq.com/ar/search/186856759/%D9%83%D9%8A%D8%A7-%D8%B3%D9%8A%D9%81%D9%8A%D8%A7-1995-%D9%84%D9%84%D8%A8%D9%8A%D8%B9,عمان,شفا بدران,كيا,سيفيا,1995,مواصفات أخرى,اوتوماتيك,بنزين,أزرق,مستعمل,"٢٠٠,٠٠٠+",أعيد دهانها كلياً,ممتازة بدون حوادث,مجمركة,غير مرخصة,تأمين إلزامي,كاش فقط,['مكيف'],2200.0
82,https://jo.opensooq.com/ar/search/186856703/%D8%A7%D9%83%D8%B3%D9%86%D8%AA-97,عمان,الخزنة,هيونداي,أكسنت,1997,مواصفات أخرى,اوتوماتيك,بنزين,رمادي,مستعمل,"١٧٠,٠٠٠ - ١٧٩,٩٩٩",أعيد دهانها جزئياً,جيد (عيوب بسيطة في البودي),مجمركة,مرخصة,تأمين إلزامي,كاش فقط,"['مرايا كهربائية', 'دخول بدون مفتاح', 'مكيف', 'مدخل AUX/USB', 'بلوتوث', 'سنترلوك']",4000.0
83,https://jo.opensooq.com/ar/search/186856665/%D8%AC%D9%8A%D8%A8-%D8%B4%D9%81%D8%B1%D9%88%D9%84%D9%8A%D9%87-%D8%A8%D9%84%D9%8A%D8%B2%D8%B1-4x42009-%D9%84%D9%84%D8%A8%D9%8A%D8%B9,عمان,جبل الأشرفية,شيفروليه,بلازر,2009,مواصفات خليجية,اوتوماتيك,بنزين,أسود,مستعمل,"١٩٠,٠٠٠ - ١٩٩,٩٩٩",أخرى,أخرى,مجمركة,مرخصة,تأمين إلزامي,كاش فقط,"['مرايا كهربائية', 'مثبت سرعة', 'دخول بدون مفتاح', 'مكيف', 'كراسي جلد', 'أكياس هوائية', 'أضوية LED', 'مدخل AUX/USB', 'ABS', 'سنترلوك']",6250.0
84,https://jo.opensooq.com/ar/search/186856639/%D8%B4%D9%81%D8%B1-%D8%A7%D9%88%D8%A8%D8%AA%D8%B1%D8%A7,عمان,مرج الحمام,شيفروليه,اوبترا,2009,مواصفات أخرى,يدوي/عادي,بنزين,أسود,مستعمل,٠,الدهان الأصلي,ممتازة بدون حوادث,مجمركة,مرخصة,تأمين إلزامي,كاش فقط,"['مرايا كهربائية', 'شاشة لمس', 'مكيف', 'كاميرا خلفية', 'أكياس هوائية', 'بلوتوث', 'ABS']",5500.0
85,https://jo.opensooq.com/ar/search/186855365/%D9%86%D9%8A%D8%B3%D8%A7%D9%86-%D8%A8%D8%A7%D8%AB%D9%81%D8%A7%D9%86%D8%AF%D8%B1-%D9%87%D8%A7%D9%8A%D8%A8%D8%B1%D8%AF-2014-%D9%84%D9%84%D8%A8%D9%8A%D8%B9-%D8%A8%D8%AD%D8%A7%D9%84%D8%A9-%D8%AC%D9%8A%D8%AF%D8%A9%D8%AA,عمان,حي الخالدين,نيسان,باثفايندر,2014,مواصفات يابانية,اوتوماتيك,هايبرد,أبيض,مستعمل,"٨٠,٠٠٠ - ٨٩,٩٩٩",الدهان الأصلي,جيد (عيوب بسيطة في البودي),مجمركة,مرخصة,تأمين إلزامي,كاش فقط,"['فتحة', 'مرايا كهربائية', 'شاشة لمس', 'نظام ملاحة', 'مثبت سرعة', 'دخول بدون مفتاح', 'مكيف', 'كاميرا خلفية', 'كراسي جلد', 'كراسي مدفأة', 'أكياس هوائية', 'أضوية LED', 'بلوتوث', 'ABS', 'سنترلوك']",18500.0
86,https://jo.opensooq.com/ar/search/186855187/%D9%87%D9%88%D9%86%D8%AF%D8%A7-%D8%B3%D9%8A%D9%81%D9%8A%D9%83-94,عمان,طبربور,هوندا,سيفيك,1994,مواصفات خليجية,اوتوماتيك,بنزين,أبيض,مستعمل,"١٩٠,٠٠٠ - ١٩٩,٩٩٩",أعيد دهانها جزئياً,جيد (عيوب بسيطة في البودي),مجمركة,مرخصة,تأمين إلزامي,كاش فقط,"['مرايا كهربائية', 'أضوية زينون', 'بلوتوث']",3500.0
87,https://jo.opensooq.com/ar/search/186854911/%D9%85%D8%B1%D8%B3%D9%8A%D8%AF%D8%B3-%D8%A8%D8%B7%D8%A9-%D9%85%D9%88%D8%AF%D9%8A%D9%84-94-%D8%A7%D8%B5%D9%84%D9%8A,عمان,القويسمة,مرسيدس بنز,A 200,1994,مواصفات أخرى,اوتوماتيك,بنزين,بني,جديد,"١,٠٠٠ - ٩,٩٩٩",الدهان الأصلي,ممتازة بدون حوادث,مجمركة,مرخصة,تأمين إلزامي,كاش فقط,"['مرايا كهربائية', 'دخول بدون مفتاح', 'مكيف', 'كراسي مدفأة', 'مدخل AUX/USB', 'سنترلوك']",7300.0
88,https://jo.opensooq.com/ar/search/186854837/%D8%B4%D9%81%D8%B1-%D8%A7%D9%81%D9%8A%D9%88-%D9%85%D9%88%D8%AF%D9%8A%D9%84-2011,عمان,الياسمين,شيفروليه,أفيو,2011,مواصفات أخرى,اوتوماتيك,بنزين,رمادي,مستعمل,"٧٠,٠٠٠ - ٧٩,٩٩٩",الدهان الأصلي,ممتازة بدون حوادث,مجمركة,مرخصة,تأمين إلزامي,كاش فقط,"['مرايا كهربائية', 'مكيف']",6500.0
89,https://jo.opensooq.com/ar/search/186854641/%D9%87%D9%88%D9%86%D8%AF%D8%A7-%D8%A8%D8%AD%D8%A7%D9%84%D8%A9-%D9%85%D9%85%D8%AA%D8%A7%D8%B2%D8%A9-%D9%84%D8%A7-%D8%AA%D8%AD%D8%AA%D8%A7%D8%AC-%D8%A7%D9%8A-%D9%86%D9%88%D8%B9-%D9%85%D9%86-%D8%A7%D9%84%D8%B5%D9%8A%D8%A7%D9%86%D8%A9,عمان,القويسمة,هوندا,CR-V,2007,مواصفات أمريكية,اوتوماتيك,بنزين,أسود,مستعمل,"١٥٠,٠٠٠ - ١٥٩,٩٩٩",أعيد دهانها كلياً,ممتازة بدون حوادث,مجمركة,مرخصة,تأمين إلزامي,كاش فقط,"['فتحة', 'مرايا كهربائية', 'مثبت سرعة', 'دخول بدون مفتاح', 'مكيف', 'كراسي جلد', 'مدخل AUX/USB', 'ABS', 'سنترلوك']",10500.0
90,https://jo.opensooq.com/ar/search/186854641/%D9%87%D9%88%D9%86%D8%AF%D8%A7-%D8%A8%D8%AD%D8%A7%D9%84%D8%A9-%D9%85%D9%85%D8%AA%D8%A7%D8%B2%D8%A9-%D9%84%D8%A7-%D8%AA%D8%AD%D8%AA%D8%A7%D8%AC-%D8%A7%D9%8A-%D9%86%D9%88%D8%B9-%D9%85%D9%86-%D8%A7%D9%84%D8%B5%D9%8A%D8%A7%D9%86%D8%A9,عمان,القويسمة,هوندا,CR-V,2007,مواصفات أمريكية,اوتوماتيك,بنزين,أسود,مستعمل,"١٥٠,٠٠٠ - ١٥٩,٩٩٩",أعيد دهانها كلياً,ممتازة بدون حوادث,مجمركة,مرخصة,تأمين إلزامي,كاش فقط,"['فتحة', 'مرايا كهربائية', 'مثبت سرعة', 'دخول بدون مفتاح', 'مكيف', 'كراسي جلد', 'مدخل AUX/USB', 'ABS', 'سنترلوك']",10500.0
91,https://jo.opensooq.com/ar/search/186854589/%D9%83%D9%8A%D8%A7-3-%D9%84%D9%84%D8%A8%D9%8A%D8%B9,عمان,ابو علندا,كيا,K3,2017,مواصفات أخرى,اوتوماتيك,بنزين,فضي,جديد,٠,الدهان الأصلي,ممتازة بدون حوادث,مجمركة,مرخصة,تأمين إلزامي,كاش فقط,"['حساسات اصطفاف', 'كراسي جلد', 'كراسي مدفأة', 'أكياس هوائية', 'أضوية LED', 'أضوية زينون', 'مدخل AUX/USB', 'بلوتوث', 'ABS', 'سنترلوك']",13500.0
92,https://jo.opensooq.com/ar/search/186854267/peugeot-308-%D9%81%D8%AD%D8%B5-%D9%83%D8%A7%D9%85%D9%84,عمان,طبربور,بيجو,308,2009,مواصفات أخرى,اوتوماتيك,بنزين,أسود,مستعمل,"١٦٠,٠٠٠ - ١٦٩,٩٩٩",أخرى,أخرى,مجمركة,مرخصة,تأمين إلزامي,كاش فقط,"['مرايا كهربائية', 'دخول بدون مفتاح', 'مكيف', 'أكياس هوائية', 'أضوية LED', 'بلوتوث', 'سنترلوك']",
93,https://jo.opensooq.com/ar/search/186854149/1993mk3-%D8%B3%D8%A8%D9%88%D8%B1,عمان,طبربور,فولكسفاغن,جولف,1993,مواصفات أخرى,يدوي/عادي,بنزين,أزرق,مستعمل,"١٩٠,٠٠٠ - ١٩٩,٩٩٩",أخرى,ممتازة بدون حوادث,مجمركة,مرخصة,تأمين إلزامي,كاش فقط,"['فتحة', 'كراسي جلد', 'أضوية LED', 'أضوية زينون', 'مدخل AUX/USB', 'سنترلوك']",
94,https://jo.opensooq.com/ar/search/186854101/%D9%87%D9%88%D9%86%D8%AF%D8%A7%D9%8A-%D8%AA%D9%88%D8%B3%D8%A7%D9%86-%D9%85%D9%88%D8%AF%D9%8A%D9%84-2014-%D9%81%D8%AD%D8%B5-%D9%83%D8%A7%D9%85%D9%84-%D8%A8%D8%A7%D9%86%D9%88%D8%B1%D8%A7%D9%85%D8%A7,عمان,المدينة الرياضية,هيونداي,توسان,2014,مواصفات خليجية,اوتوماتيك,بنزين,خمري,مستعمل,"١٦٠,٠٠٠ - ١٦٩,٩٩٩",أعيد دهانها جزئياً,ممتازة بدون حوادث,مجمركة,مرخصة,تأمين إلزامي,كاش فقط,"['فتحة', 'مرايا كهربائية', 'مثبت سرعة', 'دخول بدون مفتاح', 'مكيف', 'كاميرا خلفية', 'حساسات اصطفاف', 'كراسي جلد', 'أكياس هوائية', 'أضوية LED', 'أضوية زينون', 'مدخل AUX/USB', 'بلوتوث', 'ABS', 'سنترلوك']",
95,https://jo.opensooq.com/ar/search/186852699/%D9%83%D9%8A%D8%A7-%D9%84%D9%88%D8%AA%D8%B2%D9%8A-2008,عمان,أخرى,كيا,لوتزي,2008,مواصفات أخرى,اوتوماتيك,بنزين,فضي,مستعمل,٠,أخرى,أخرى,مجمركة,مرخصة,تأمين إلزامي,كاش فقط,"['مرايا كهربائية', 'شاشة لمس', 'مكيف', 'كاميرا خلفية', 'كراسي جلد', 'كراسي مدفأة']",6500.0
96,https://jo.opensooq.com/ar/search/186852587/%D8%A8%D9%83%D9%85-%D8%AA%D9%88%D9%8A%D9%88%D8%AA%D8%A7-99,عمان,المقابلين,تويوتا,هيلوكس,1999,مواصفات خليجية,يدوي/عادي,ديزل,رمادي,مستعمل,"١,٠٠٠ - ٩,٩٩٩",أعيد دهانها كلياً,أخرى,مجمركة,مرخصة,تأمين إلزامي,كاش فقط,[],5400.0
97,https://jo.opensooq.com/ar/search/186852461/%D9%81%D9%88%D9%83%D8%B3-%D9%81%D8%A7%D8%AC%D9%86-%D8%A8%D9%8A%D8%AA%D9%84-98-%D9%84%D9%84%D8%A8%D9%8A%D8%B9,عمان,الجويدة,فولكسفاغن,بيتل,1998,مواصفات أخرى,يدوي/عادي,بنزين,أزرق,مستعمل,"٢٠,٠٠٠ - ٢٩,٩٩٩",أخرى,أخرى,مجمركة,مرخصة,تأمين إلزامي,كاش فقط,"['مرايا كهربائية', 'مكيف', 'كراسي جلد', 'أكياس هوائية', 'أضوية LED', 'مدخل AUX/USB', 'سنترلوك']",3500.0
98,https://jo.opensooq.com/ar/search/186852279/%D9%85%D8%B1%D8%B3%D9%8A%D8%AF%D8%B3-e190,عمان,شفا بدران,مرسيدس بنز,E 190,1983,مواصفات يابانية,اوتوماتيك,بنزين,رمادي,مستعمل,"١٠٠,٠٠٠ - ١٠٩,٩٩٩",أعيد دهانها كلياً,ممتازة بدون حوادث,مجمركة,مرخصة,تأمين إلزامي,كاش فقط,"['مكيف', 'كراسي جلد', 'أضوية LED', 'أضوية زينون', 'مدخل AUX/USB', 'سنترلوك']",3500.0
99,https://jo.opensooq.com/ar/search/186852259/mercedes-560-sec-1988,عمان,المقابلين,مرسيدس بنز,SEC 560,1988,مواصفات أخرى,اوتوماتيك,بنزين,أزرق,مستعمل,"١١٠,٠٠٠ - ١١٩,٩٩٩",الدهان الأصلي,جيد (عيوب بسيطة في البودي),مجمركة,مرخصة,تأمين شامل,كاش فقط,"['فتحة', 'مرايا كهربائية', 'مكيف', 'كراسي جلد', 'كراسي مدفأة']",7000.0
100,https://jo.opensooq.com/ar/search/186852125/%D9%81%D9%88%D8%B1%D8%AF-%D9%81%D9%8A%D9%88%D8%AC%D9%86,عمان,طلوع المصدار,فورد,فيوجن,2018,مواصفات أمريكية,اوتوماتيك,هايبرد,أسود,مستعمل,"٩٠,٠٠٠ - ٩٩,٩٩٩",أخرى,ممتازة بدون حوادث,مجمركة,مرخصة,تأمين إلزامي,كاش فقط,"['فتحة', 'مرايا كهربائية', 'شاشة لمس', 'مثبت سرعة', 'دخول بدون مفتاح', 'مكيف', 'كاميرا خلفية', 'كراسي جلد', 'أكياس هوائية', 'أضوية LED', 'مدخل AUX/USB', 'بلوتوث', 'ABS', 'سنترلوك']",17000.0
101,https://jo.opensooq.com/ar/search/186852119/%D9%81%D9%88%D8%B1-%D8%A7%D9%8A%D9%83%D9%88-%D8%B3%D8%A8%D9%88%D8%B1%D8%AA-2016-%D9%88%D8%A7%D8%B1%D8%AF-%D8%AF%D8%A8%D9%8A,عمان,الجاردنز,فورد,ايكوسبورت,2016,مواصفات خليجية,اوتوماتيك,بنزين,رمادي,مستعمل,"١,٠٠٠ - ٩,٩٩٩",الدهان الأصلي,ممتازة بدون حوادث,مجمركة,مرخصة,تأمين شامل,كاش فقط,"['مرايا كهربائية', 'مكيف', 'حساسات اصطفاف', 'كاميرا خلفية', 'كراسي جلد', 'كراسي مدفأة', 'أكياس هوائية', 'أضوية LED', 'أضوية زينون', 'مدخل AUX/USB', 'بلوتوث', 'ABS', 'سنترلوك', 'شاشة لمس', 'نظام ملاحة', 'مثبت سرعة', 'دخول بدون مفتاح']",12500.0
102,https://jo.opensooq.com/ar/search/186852107/%D8%B3%D9%8A%D9%81%D9%8A%D8%A7-%D9%85%D9%88%D8%AF%D9%8A%D9%84-1997,عمان,ابو علندا,كيا,سيفيا,1997,مواصفات أخرى,يدوي/عادي,بنزين,أبيض,مستعمل,"٢٠٠,٠٠٠+",أخرى,جيد (عيوب بسيطة في البودي),مجمركة,مرخصة,تأمين إلزامي,كاش فقط,['سنترلوك'],2000.0
103,https://jo.opensooq.com/ar/search/186852037/%D9%85%D9%8A%D8%AA%D8%B3%D9%88%D8%A8%D9%8A%D8%B4%D9%8A-%D8%A8%D8%A7%D8%AC%D9%8A%D8%B1%D9%88-2022-%D9%84%D9%84%D8%A8%D9%8A%D8%B9,عمان,الدوار السابع,ميتسوبيشي,باجيرو,2022,مواصفات خليجية,اوتوماتيك,بنزين,أسود,مستعمل,"١,٠٠٠ - ٩,٩٩٩",الدهان الأصلي,ممتازة بدون حوادث,مجمركة,مرخصة,تأمين شامل,كاش فقط,"['فتحة', 'مرايا كهربائية', 'شاشة لمس', 'مثبت سرعة', 'مكيف', 'كاميرا خلفية', 'حساسات اصطفاف', 'كراسي جلد', 'كراسي مدفأة', 'أكياس هوائية', 'أضوية LED', 'أضوية زينون', 'مدخل AUX/USB', 'بلوتوث', 'ABS', 'سنترلوك']",36000.0
104,https://jo.opensooq.com/ar/search/186851263/%D9%81%D9%88%D8%B1%D8%AF%D8%B3%D9%8A%D9%85%D8%A7%D9%83%D8%B32018%D9%84%D9%84%D8%A8%D9%8A%D8%B9-%D9%81%D8%AD%D8%B5-%D9%83%D8%A7%D9%85%D9%84,عمان,ابو نصير,فورد,C-MAX,2018,مواصفات أمريكية,اوتوماتيك,هايبرد,أبيض,مستعمل,"٢٠٠,٠٠٠+",الدهان الأصلي,ممتازة بدون حوادث,مجمركة,مرخصة,تأمين إلزامي,كاش فقط,"['شاشة لمس', 'نظام ملاحة', 'مثبت سرعة', 'مكيف', 'كاميرا خلفية', 'أكياس هوائية', 'أضوية LED', 'أضوية زينون', 'مدخل AUX/USB', 'بلوتوث', 'ABS', 'سنترلوك']",
105,https://jo.opensooq.com/ar/search/186851261/%D9%87%D9%88%D9%86%D8%AF%D8%A7-%D8%B3%D9%8A%D9%81%D9%8A%D9%83-%D9%87%D8%A7%D9%8A%D8%A8%D8%B1%D8%AF-2012,عمان,الجاردنز,هوندا,سيفيك,2012,مواصفات أمريكية,اوتوماتيك,هايبرد,أزرق,مستعمل,"١٥٠,٠٠٠ - ١٥٩,٩٩٩",الدهان الأصلي,جيد (عيوب بسيطة في البودي),مجمركة,مرخصة,تأمين إلزامي,كاش فقط,"['مرايا كهربائية', 'مثبت سرعة', 'مكيف', 'حساسات اصطفاف', 'أكياس هوائية', 'مدخل AUX/USB', 'بلوتوث', 'ABS', 'سنترلوك']",9500.0
106,https://jo.opensooq.com/ar/search/186851247/%D8%A7%D9%86%D9%81%D9%88%D9%8A-uvx-%D8%B4%D8%B5%D9%8A-%D8%B7%D9%88%D9%8A%D9%84-%D8%B5%D9%86%D8%AF%D9%88%D9%82-%D8%A8%D8%A7%D9%86%D9%88%D8%B1%D8%A7%D9%85%D8%A7,عمان,البنيات,جي إم سي,انفوي,2004,مواصفات أمريكية,اوتوماتيك,بنزين,أسود,مستعمل,٠,أخرى,جيد (عيوب بسيطة في البودي),مجمركة,غير مرخصة,تأمين إلزامي,كاش فقط,"['مكيف', 'كاميرا خلفية', 'كراسي جلد', 'أكياس هوائية']",4350.0
107,https://jo.opensooq.com/ar/search/186850891/%D9%83%D9%8A%D8%A7-%D8%A8%D9%8A%D9%83%D8%A7%D9%86%D8%AA%D9%88-%D9%84%D9%88%D9%86-%D8%A3%D8%B3%D9%88%D8%AF-%D9%85%D9%85%D9%8A%D8%B2%D8%A9-%D9%81%D8%AD%D8%B5-%D9%83%D8%A7%D8%A7%D8%A7%D9%85%D9%84-%D9%84%D9%84%D8%A8%D9%8A%D8%B9,عمان,ماركا,كيا,بيكانتو,2016,مواصفات أوروبية,اوتوماتيك,بنزين,أسود,مستعمل,"١٤٠,٠٠٠ - ١٤٩,٩٩٩",الدهان الأصلي,ممتازة بدون حوادث,مجمركة,مرخصة,تأمين إلزامي,كاش فقط,"['مرايا كهربائية', 'شاشة لمس', 'دخول بدون مفتاح', 'مكيف', 'أكياس هوائية', 'أضوية LED', 'مدخل AUX/USB', 'بلوتوث', 'ABS', 'سنترلوك']",9000.0
108,https://jo.opensooq.com/ar/search/186850665/%D9%85%D8%B1%D8%B3%D9%8A%D8%AF%D8%B3-c180,عمان,ضاحية النخيل,مرسيدس بنز,C 180,1997,مواصفات يابانية,اوتوماتيك,بنزين,فضي,مستعمل,"١,٠٠٠ - ٩,٩٩٩",أعيد دهانها كلياً,أخرى,مجمركة,مرخصة,تأمين إلزامي,كاش فقط,"['فتحة', 'مرايا كهربائية', 'شاشة لمس', 'مثبت سرعة', 'دخول بدون مفتاح', 'مكيف', 'كاميرا خلفية', 'أكياس هوائية', 'أضوية LED', 'أضوية زينون', 'مدخل AUX/USB', 'ABS', 'سنترلوك']",5400.0
109,https://jo.opensooq.com/ar/search/186850353/%D9%85%D8%A7%D8%B2%D8%AF%D8%A7-%D8%B2%D9%88%D9%85-3-%D9%85%D9%88%D8%AF%D9%8A%D9%84-2005,عمان,جبل التاج,مازدا,3,2005,مواصفات يابانية,اوتوماتيك,بنزين,رمادي,مستعمل,"١٠,٠٠٠ - ١٩,٩٩٩",الدهان الأصلي,أخرى,مجمركة,مرخصة,تأمين إلزامي,كاش فقط,"['مرايا كهربائية', 'شاشة لمس', 'نظام ملاحة', 'مكيف', 'كاميرا خلفية', 'حساسات اصطفاف', 'أكياس هوائية', 'أضوية LED', 'أضوية زينون', 'مدخل AUX/USB', 'بلوتوث', 'ABS', 'سنترلوك']",6000.0
110,https://jo.opensooq.com/ar/search/186850303/%D9%85%D9%88%D8%AF%D9%8A%D9%84-2003-%D9%81%D9%84-%D8%A7%D9%88%D8%A8%D8%B4%D9%86-%D8%A7%D8%B9%D9%84%D9%89-%D9%85%D9%88%D8%A7%D8%B5%D9%81%D8%A7%D8%AA-%D8%A8%D8%AD%D8%A7%D9%84%D8%A9-%D9%85%D9%85%D8%AA%D8%A7%D8%B2%D8%A9-%D8%A7%D9%84%D8%B3%D8%B9%D8%B1-8000%D8%AF%D9%8A%D9%86%D8%A7%D8%B1-%D9%84%D9%84%D8%A7%D8%B3%D8%AA%D9%81%D8%B3%D8%A7%D8%B1,عمان,الياسمين,بي ام دبليو,335,2003,مواصفات خليجية,اوتوماتيك,بنزين,رمادي,مستعمل,"١٥٠,٠٠٠ - ١٥٩,٩٩٩",أخرى,ممتازة بدون حوادث,مجمركة,مرخصة,تأمين إلزامي,كاش فقط,"['فتحة', 'مرايا كهربائية', 'مثبت سرعة', 'مكيف', 'حساسات اصطفاف', 'كراسي جلد', 'كراسي مدفأة', 'أكياس هوائية', 'سنترلوك']",8000.0
111,https://jo.opensooq.com/ar/search/186850209/%D9%87%D9%88%D9%86%D8%AF%D8%A7-%D8%B3%D9%8A%D9%81%D9%83-%D9%85%D9%88%D8%AF%D9%8A%D9%84-%D8%A7%D9%84-2000exi,عمان,الذراع,هوندا,سيفيك,2000,مواصفات خليجية,اوتوماتيك,بنزين,أخضر,مستعمل,٠,أعيد دهانها كلياً,ممتازة بدون حوادث,مجمركة,مرخصة,تأمين إلزامي,كاش فقط,"['مرايا كهربائية', 'مكيف']",5800.0
112,https://jo.opensooq.com/ar/search/186849821/%D8%A3%D9%88%D8%A8%D9%84-%D8%A7%D8%B3%D8%AA%D8%B1%D8%A7-%D9%85%D9%88%D8%AF%D9%8A%D9%84-2000,عمان,المدينة الرياضية,أوبل,أسترا,2000,مواصفات خليجية,يدوي/عادي,بنزين,رمادي,مستعمل,"١,٠٠٠ - ٩,٩٩٩",أخرى,أخرى,مجمركة,مرخصة,تأمين إلزامي,كاش فقط,"['مرايا كهربائية', 'كراسي جلد']",3500.0
113,https://jo.opensooq.com/ar/search/186849781/%D8%B3%D9%8A%D9%84%D9%81%D8%B1%D8%A7%D8%AF%D9%88-2005-%D8%AF%D9%81%D8%B9-%D8%B1%D8%A8%D8%A7%D8%B9%D9%8A-4x4,عمان,تلاع العلي,شيفروليه,سلفرادو,2005,مواصفات أمريكية,اوتوماتيك,بنزين,أخضر,مستعمل,٠,أخرى,جيد (عيوب بسيطة في البودي),مجمركة,مرخصة,تأمين إلزامي,كاش فقط,"['مرايا كهربائية', 'مثبت سرعة', 'مكيف', 'أكياس هوائية', 'ABS', 'سنترلوك']",5000.0
114,https://jo.opensooq.com/ar/search/186849061/%D9%87%D9%88%D9%86%D8%AF%D8%A7%D9%8A-%D8%A7%D9%81%D8%A7%D9%86%D8%AA%D9%8A-%D9%85%D9%88%D8%AF%D9%8A%D9%84-2012,عمان,الدوار الثالث,هيونداي,افانتي,2012,مواصفات أخرى,اوتوماتيك,بنزين,رمادي,مستعمل,"٢٠٠,٠٠٠+",أعيد دهانها كلياً,ممتازة بدون حوادث,مجمركة,مرخصة,تأمين إلزامي,كاش فقط,"['مرايا كهربائية', 'مكيف', 'حساسات اصطفاف', 'كراسي جلد', 'كراسي مدفأة', 'أكياس هوائية', 'أضوية زينون', 'مدخل AUX/USB', 'بلوتوث', 'ABS', 'سنترلوك', 'أضوية LED']",11500.0
115,https://jo.opensooq.com/ar/search/186848953/%D8%A8%D9%8A%D8%AC%D9%88-206-%D9%85%D9%88%D8%AF%D9%8A%D9%84-2009-%D9%84%D9%84%D8%A8%D9%8A%D8%B9-%D8%A7%D9%88-%D8%A7%D9%84%D8%A8%D8%AF%D9%84,عمان,رجم الشامي,بيجو,206,2009,مواصفات أوروبية,اوتوماتيك,بنزين,أزرق,مستعمل,"١,٠٠٠ - ٩,٩٩٩",أخرى,أخرى,مجمركة,مرخصة,تأمين إلزامي,كاش فقط,"['مرايا كهربائية', 'مكيف', 'أضوية LED', 'مدخل AUX/USB', 'بلوتوث', 'سنترلوك']",
116,https://jo.opensooq.com/ar/search/186848717/%D9%83%D9%8A%D8%A7-%D8%B3%D9%8A%D8%B1%D8%A7%D8%AA%D9%88-2011-%D9%81%D8%AD%D8%B5-%D9%83%D8%A7%D9%85%D9%84,عمان,الدوار الثامن,كيا,سيراتو,2011,مواصفات أخرى,اوتوماتيك,بنزين,أسود,مستعمل,"١٩٠,٠٠٠ - ١٩٩,٩٩٩",الدهان الأصلي,ممتازة بدون حوادث,مجمركة,مرخصة,تأمين إلزامي,كاش فقط,"['مرايا كهربائية', 'مكيف', 'أكياس هوائية', 'مدخل AUX/USB', 'ABS', 'سنترلوك']",9200.0
117,https://jo.opensooq.com/ar/search/186848655/%D9%85%D8%B7%D9%84%D9%88%D8%A8-%D8%A8%D9%8A-%D8%A7%D9%85-%D8%AF%D8%A8-%D9%81%D9%88%D9%82-%D8%A7%D9%84%D9%86%D8%AE%D8%A8-%D8%A7%D9%82%D8%B3%D8%A7%D8%B7,عمان,الدوار الأول,بي ام دبليو,الفئة1,2002,مواصفات أوروبية,اوتوماتيك,بنزين,أسود,مستعمل,"١٠,٠٠٠ - ١٩,٩٩٩",أخرى,أخرى,مجمركة,مرخصة,تأمين إلزامي,أقساط فقط,"['فتحة', 'مرايا كهربائية', 'شاشة لمس', 'نظام ملاحة', 'مثبت سرعة', 'دخول بدون مفتاح', 'مكيف', 'كاميرا خلفية', 'حساسات اصطفاف', 'كراسي جلد', 'كراسي مدفأة', 'أكياس هوائية', 'أضوية LED', 'سنترلوك']",
118,https://jo.opensooq.com/ar/search/186848429/%D8%B3%D9%8A%D8%A7%D8%B1%D9%87-%D9%86%D9%8A%D8%B3%D8%A7%D9%86-%D9%85%D9%88%D8%AF%D9%8A%D9%84-1992-%D9%81%D8%AD%D8%B5-%D8%AE%D8%A7%D9%84%D9%8A-%D9%82%D8%B5-%D9%82%D9%84%D8%A8%D8%A7%D9%86,عمان,الحرّيّة,نيسان,صني,1992,مواصفات يابانية,اوتوماتيك,بنزين,رمادي,مستعمل,"١٠,٠٠٠ - ١٩,٩٩٩",أخرى,أخرى,مجمركة,غير مرخصة,تأمين إلزامي,كاش فقط,"['مرايا كهربائية', 'كراسي جلد', 'سنترلوك']",1700.0
119,https://jo.opensooq.com/ar/search/186848413/saab-95-sport,عمان,شفا بدران,ساب,95,2002,مواصفات أخرى,اوتوماتيك,بنزين,بني,مستعمل,"١٣٠,٠٠٠ - ١٣٩,٩٩٩",أخرى,ممتازة بدون حوادث,مجمركة,مرخصة,تأمين إلزامي,كاش فقط,"['فتحة', 'مرايا كهربائية', 'مكيف', 'كراسي جلد', 'أكياس هوائية', 'سنترلوك']",5000.0
120,https://jo.opensooq.com/ar/search/186848093/%D8%AA%D9%88%D9%8A%D9%88%D8%AA%D8%A7-%D8%A8%D8%B1%D9%8A%D9%88%D8%B3-%D8%A8%D9%8A%D8%B1%D8%B3%D9%88%D9%86%D8%A7-2016-%D8%A8%D8%B7%D8%A7%D8%B1%D9%8A%D8%A9-%D9%84%D9%8A%D8%AB%D9%8A%D9%88%D9%85-%D9%84%D9%88%D9%86-%D8%A7%D8%A8%D9%8A%D8%B6-%D9%84%D8%A4%D9%84%D8%A4%D9%8A-%D9%81%D8%AD%D8%B5-3-%D8%AC%D9%8A%D8%AF,عمان,أبو السوس,تويوتا,بريوس,2016,مواصفات أمريكية,اوتوماتيك,هايبرد,أبيض,مستعمل,"١٢٠,٠٠٠ - ١٢٩,٩٩٩",أعيد دهانها جزئياً,أخرى,مجمركة,مرخصة,تأمين شامل,كاش فقط,"['مرايا كهربائية', 'أضوية LED', 'أضوية زينون', 'مدخل AUX/USB', 'بلوتوث', 'ABS', 'سنترلوك', 'شاشة لمس', 'نظام ملاحة', 'مثبت سرعة', 'دخول بدون مفتاح', 'مكيف', 'كاميرا خلفية', 'كراسي جلد', 'كراسي مدفأة', 'أكياس هوائية']",16500.0
121,https://jo.opensooq.com/ar/search/186847903/%D9%85%D8%A7%D8%B2%D8%AF%D8%A7-%D8%B2%D9%88%D9%85-2,عمان,جبل النظيف,مازدا,2,2016,مواصفات يابانية,اوتوماتيك,بنزين,رمادي,مستعمل,"٨٠,٠٠٠ - ٨٩,٩٩٩",الدهان الأصلي,ممتازة بدون حوادث,مجمركة,مرخصة,تأمين إلزامي,كاش فقط,"['مرايا كهربائية', 'سنترلوك', 'ABS', 'بلوتوث', 'مدخل AUX/USB', 'أكياس هوائية', 'مكيف', 'نظام ملاحة', 'دخول بدون مفتاح']",11000.0
122,https://jo.opensooq.com/ar/search/186847469/%D9%85%D8%B1%D8%B3%D9%8A%D8%AF%D8%B3-e200-%D9%82%D8%A7%D8%A8%D9%84-%D9%84%D9%84%D8%A8%D8%AF%D9%84,عمان,البيادر,مرسيدس بنز,E 200,2004,مواصفات أوروبية,اوتوماتيك,بنزين,ذهبي,مستعمل,"١٩٠,٠٠٠ - ١٩٩,٩٩٩",أعيد دهانها جزئياً,جيد (عيوب بسيطة في البودي),مجمركة,مرخصة,تأمين إلزامي,كاش فقط,"['فتحة', 'مرايا كهربائية', 'نظام ملاحة', 'مثبت سرعة', 'مكيف', 'حساسات اصطفاف', 'كراسي جلد', 'كراسي مدفأة', 'أكياس هوائية', 'أضوية LED', 'أضوية زينون', 'سنترلوك']",15500.0
123,https://jo.opensooq.com/ar/search/186847273/dodge-ram-limited-2014,عمان,الجبيهة,دودج,رام,2014,مواصفات أمريكية,اوتوماتيك,بنزين,بني,مستعمل,"١٢٠,٠٠٠ - ١٢٩,٩٩٩",أعيد دهانها جزئياً,ممتازة بدون حوادث,مجمركة,مرخصة,تأمين إلزامي,كاش فقط,"['فتحة', 'مرايا كهربائية', 'شاشة لمس', 'نظام ملاحة', 'مثبت سرعة', 'دخول بدون مفتاح', 'مكيف', 'كاميرا خلفية', 'حساسات اصطفاف', 'كراسي جلد', 'كراسي مدفأة', 'أكياس هوائية', 'أضوية LED', 'أضوية زينون', 'مدخل AUX/USB', 'بلوتوث', 'ABS', 'سنترلوك']",17500.0
124,https://jo.opensooq.com/ar/search/186847085/%D9%87%D9%88%D9%86%D8%AF%D8%A7-%D8%B3%D9%8A%D9%81%D9%8A%D9%83-%D9%85%D9%88%D8%AF%D9%8A%D9%84-2004-%D9%84%D9%84%D8%A8%D9%8A%D8%B9,عمان,شارع الأردن,هوندا,سيفيك,2004,مواصفات أمريكية,اوتوماتيك,بنزين,رمادي,مستعمل,٠,أعيد دهانها كلياً,ممتازة بدون حوادث,مجمركة,مرخصة,تأمين إلزامي,كاش فقط,['سنترلوك'],6700.0
125,https://jo.opensooq.com/ar/search/186847071/%D8%AA%D9%88%D9%8A%D9%88%D8%AA%D8%A7-%D9%83%D8%A7%D9%85%D8%B1%D9%8A-2008,عمان,الدوار الثامن,تويوتا,كامري,2008,مواصفات أمريكية,اوتوماتيك,هايبرد,أسود,مستعمل,"١,٠٠٠ - ٩,٩٩٩",أعيد دهانها جزئياً,جيد (عيوب بسيطة في البودي),مجمركة,مرخصة,تأمين إلزامي,كاش فقط,"['فتحة', 'أضوية LED', 'أضوية زينون', 'مدخل AUX/USB', 'بلوتوث', 'ABS', 'سنترلوك', 'مرايا كهربائية', 'شاشة لمس', 'مثبت سرعة', 'نظام ملاحة', 'دخول بدون مفتاح', 'مكيف', 'كاميرا خلفية', 'حساسات اصطفاف', 'كراسي جلد', 'كراسي مدفأة', 'أكياس هوائية']",10500.0
126,https://jo.opensooq.com/ar/search/186846933/%D9%85%D8%A7%D8%B2%D8%AF%D8%A7-%D8%B2%D9%88%D9%88%D9%852-%D9%85%D9%88%D8%AF%D9%8A%D9%84-2012-%D8%A7%D8%AA%D9%88%D9%85%D8%A7%D8%AA%D9%8A%D9%83,عمان,الجبيهة,مازدا,2,2012,مواصفات يابانية,اوتوماتيك,بنزين,أبيض,مستعمل,"٢٠٠,٠٠٠+",الدهان الأصلي,ممتازة بدون حوادث,مجمركة,مرخصة,تأمين إلزامي,كاش فقط,"['شاشة لمس', 'مرايا كهربائية', 'دخول بدون مفتاح', 'مكيف', 'حساسات اصطفاف', 'مدخل AUX/USB', 'بلوتوث', 'ABS', 'سنترلوك']",7100.0
127,https://jo.opensooq.com/ar/search/186846931/%D8%B3%D8%A7%D9%85%D8%B3%D9%86%D9%88%D8%AC-99-%D9%85%D8%B1%D8%AE%D8%B5%D9%87-%D8%B3%D9%86%D9%87-%D9%83%D8%A7%D9%85%D9%84%D9%87-%D9%81%D9%84-%D8%A7%D9%84%D9%81%D9%84-%D8%A8%D9%8A%D8%B9-%D8%A8%D8%B3%D8%B9%D8%B1-%D9%85%D8%BA%D8%B1%D9%8A,عمان,جبل الزهور,سامسونج,QM 5,1999,مواصفات خليجية,اوتوماتيك,بنزين,ذهبي,مستعمل,"١٠,٠٠٠ - ١٩,٩٩٩",أعيد دهانها كلياً,ممتازة بدون حوادث,مجمركة,مرخصة,تأمين إلزامي,كاش فقط,"['مرايا كهربائية', 'مكيف', 'كراسي مدفأة', 'سنترلوك']",3450.0
128,https://jo.opensooq.com/ar/search/186846573/%D8%A8%D9%8A-%D8%A7%D9%85-e46,عمان,صويلح,بي ام دبليو,316,2000,مواصفات أخرى,اوتوماتيك,بنزين,فضي,مستعمل,٠,أخرى,أخرى,مجمركة,مرخصة,تأمين إلزامي,كاش فقط,"['فتحة', 'مرايا كهربائية', 'مثبت سرعة', 'مكيف', 'حساسات اصطفاف', 'كراسي مدفأة', 'أكياس هوائية', 'أضوية LED', 'أضوية زينون', 'مدخل AUX/USB', 'سنترلوك', 'ABS', 'بلوتوث']",7850.0
129,https://jo.opensooq.com/ar/search/186846451/%D8%A8%D8%A7%D8%B5-%D9%87%D9%88%D9%86%D8%AF%D8%A7%D9%8A-%D8%B3%D8%AA%D8%B1%D9%8A%D9%83%D8%B3-%D8%A7%D9%84%D8%AF%D8%A8-%D9%84%D9%85%D8%AA%D8%AF,عمان,الحرّيّة,هيونداي,أخرى,2006,مواصفات أخرى,يدوي/عادي,ديزل,فضي,جديد,٠,الدهان الأصلي,ممتازة بدون حوادث,مجمركة,مرخصة,تأمين إلزامي,كاش فقط,['مرايا كهربائية'],7800.0
130,https://jo.opensooq.com/ar/search/186846443/bmw-coupe-318-is,عمان,الدوار الثامن,بي ام دبليو,318,1993,مواصفات يابانية,يدوي/عادي,بنزين,رمادي,مستعمل,٠,أعيد دهانها كلياً,أخرى,مجمركة,مرخصة,تأمين إلزامي,كاش فقط,"['فتحة', 'مكيف', 'كراسي جلد', 'أكياس هوائية', 'مدخل AUX/USB', 'ABS', 'سنترلوك']",5900.0
131,https://jo.opensooq.com/ar/search/186846031/%D9%87%D9%88%D9%86%D8%AF%D8%A7%D9%8A-%D8%A7%D9%81%D8%A7%D9%86%D8%AA%D9%8A-1997,عمان,حي نزال,هيونداي,افانتي,1997,مواصفات أخرى,يدوي/عادي,بنزين,أخضر,مستعمل,"١,٠٠٠ - ٩,٩٩٩",أخرى,أخرى,مجمركة,مرخصة,تأمين إلزامي,أقساط فقط,"['مرايا كهربائية', 'دخول بدون مفتاح', 'مكيف', 'كاميرا خلفية', 'أكياس هوائية', 'أضوية LED', 'أضوية زينون', 'مدخل AUX/USB', 'ABS', 'سنترلوك']",4500.0
132,https://jo.opensooq.com/ar/search/186845745/bmw-520-%D9%84%D9%84%D8%A8%D9%8A%D8%B9,عمان,خلدا,بي ام دبليو,520,1990,مواصفات أخرى,يدوي/عادي,بنزين,أزرق,مستعمل,٠,أخرى,أخرى,مجمركة,غير مرخصة,غير مؤمنّة,كاش أو أقساط,"['فتحة', 'مرايا كهربائية', 'كراسي جلد']",3800.0
133,https://jo.opensooq.com/ar/search/186844851/%D9%85%D8%AA%D8%B3%D9%88%D8%A8%D9%8A%D8%B4%D9%8A-%D8%A8%D8%A7%D8%AC%D9%8A%D8%B1%D9%88-2008,عمان,طريق المطار,ميتسوبيشي,باجيرو اي او,2008,مواصفات خليجية,اوتوماتيك,بنزين,أسود,مستعمل,"١٠,٠٠٠ - ١٩,٩٩٩",أعيد دهانها كلياً,ممتازة بدون حوادث,مجمركة,غير مرخصة,غير مؤمنّة,كاش فقط,"['فتحة', 'شاشة لمس', 'مرايا كهربائية', 'مثبت سرعة', 'مكيف', 'حساسات اصطفاف', 'كاميرا خلفية', 'كراسي جلد', 'كراسي مدفأة', 'أكياس هوائية', 'أضوية LED', 'أضوية زينون', 'مدخل AUX/USB', 'بلوتوث', 'ABS', 'سنترلوك']",14000.0
134,https://jo.opensooq.com/ar/search/186844507/%D9%85%D8%AA%D8%B3%D9%88%D8%A8%D9%8A%D8%B4%D9%8A-%D8%A8%D8%A7%D8%AC%D9%8A%D8%B1%D9%88-2018,عمان,خلدا,ميتسوبيشي,باجيرو,2018,مواصفات يابانية,اوتوماتيك,بنزين,رمادي,مستعمل,"٥٠,٠٠٠ - ٥٩,٩٩٩",الدهان الأصلي,ممتازة بدون حوادث,مجمركة,مرخصة,غير مؤمنّة,كاش فقط,"['فتحة', 'مرايا كهربائية', 'شاشة لمس', 'نظام ملاحة', 'مثبت سرعة', 'دخول بدون مفتاح', 'مكيف', 'كاميرا خلفية', 'حساسات اصطفاف', 'كراسي جلد', 'كراسي مدفأة', 'أكياس هوائية', 'أضوية LED', 'أضوية زينون', 'مدخل AUX/USB', 'بلوتوث', 'ABS', 'سنترلوك']",27000.0
135,https://jo.opensooq.com/ar/search/186844297/%D8%A7%D9%83%D8%B3%D9%86%D8%AA-1998,عمان,صافوط,هيونداي,أكسنت,1998,مواصفات أخرى,يدوي/عادي,بنزين,خمري,مستعمل,"٩٠,٠٠٠ - ٩٩,٩٩٩",أعيد دهانها كلياً,تعرضت لحادث (أضرار جسيمة في البودي),مجمركة,غير مرخصة,تأمين إلزامي,كاش فقط,"['سنترلوك', 'مدخل AUX/USB', 'بلوتوث', 'أضوية LED']",2700.0
136,https://jo.opensooq.com/ar/search/186844177/%D8%A8%D9%83%D9%85-%D8%B4%D9%81%D8%B1%D9%88%D9%84%D9%8A%D9%87-2008-%D8%B7%D8%B1%D8%A7%D8%AF,عمان,ماركا,شيفروليه,LUV D-Max,2008,مواصفات أمريكية,يدوي/عادي,بنزين,أبيض,مستعمل,٠,أخرى,أخرى,مجمركة,مرخصة,تأمين شامل,كاش فقط,"['شاشة لمس', 'مكيف', 'كاميرا خلفية', 'كراسي جلد', 'مدخل AUX/USB', 'بلوتوث', 'ABS', 'سنترلوك']",8000.0
137,https://jo.opensooq.com/ar/search/186843137/%D8%B4%D9%81%D8%B1%D9%84%D9%8A%D9%87-%D8%B3%D9%84%DA%A4%D8%B1%D8%A7%D8%AF%D9%88-ltz-2012,عمان,طريق المطار,شيفروليه,سلفرادو,2012,مواصفات أمريكية,اوتوماتيك,بنزين,أسود,مستعمل,"١٤٠,٠٠٠ - ١٤٩,٩٩٩",أعيد دهانها كلياً,ممتازة بدون حوادث,مجمركة,مرخصة,تأمين إلزامي,كاش فقط,"['فتحة', 'مثبت سرعة', 'دخول بدون مفتاح', 'مكيف', 'كاميرا خلفية', 'حساسات اصطفاف', 'كراسي جلد', 'كراسي مدفأة', 'أكياس هوائية', 'أضوية LED', 'أضوية زينون', 'مدخل AUX/USB', 'بلوتوث', 'ABS', 'سنترلوك', 'مرايا كهربائية', 'نظام ملاحة']",12250.0
138,https://jo.opensooq.com/ar/search/186842899/%D8%A8%D8%B3%D8%B9%D8%B1-%D9%85%D8%BA%D8%B1%D8%B1%D8%B1%D8%B1%D9%8A-dodge-ram-rebel-2019,عمان,الصويفية,دودج,رام,2019,مواصفات أمريكية,اوتوماتيك,بنزين,رمادي,مستعمل,"١٠٠,٠٠٠ - ١٠٩,٩٩٩",الدهان الأصلي,ممتازة بدون حوادث,مجمركة,مرخصة,تأمين إلزامي,كاش فقط,"['فتحة', 'مرايا كهربائية', 'شاشة لمس', 'نظام ملاحة', 'مثبت سرعة', 'دخول بدون مفتاح', 'مكيف', 'كاميرا خلفية', 'حساسات اصطفاف', 'كراسي جلد', 'كراسي مدفأة', 'أكياس هوائية', 'أضوية LED', 'أضوية زينون', 'مدخل AUX/USB', 'بلوتوث', 'سنترلوك', 'ABS']",
139,https://jo.opensooq.com/ar/search/186842819/%D8%A8%D9%8A%D8%AC%D9%88-3008-peugeot-3008,عمان,شفا بدران,بيجو,3008,2011,مواصفات أخرى,اوتوماتيك,بنزين,ذهبي,مستعمل,"٣٠,٠٠٠ - ٣٩,٩٩٩",الدهان الأصلي,أخرى,مجمركة,مرخصة,تأمين إلزامي,كاش فقط,"['مرايا كهربائية', 'مثبت سرعة', 'مكيف', 'حساسات اصطفاف', 'كراسي جلد', 'كراسي مدفأة', 'أكياس هوائية', 'مدخل AUX/USB', 'بلوتوث', 'ABS', 'سنترلوك']",12500.0
140,https://jo.opensooq.com/ar/search/186842359/%D8%A7%D9%84%D9%86%D8%AA%D8%B1%D8%A7-2017,عمان,ماركا,هيونداي,النترا,2017,مواصفات أخرى,اوتوماتيك,بنزين,فضي,مستعمل,"٨٠,٠٠٠ - ٨٩,٩٩٩",أخرى,أخرى,مجمركة,مرخصة,تأمين إلزامي,كاش فقط,"['مرايا كهربائية', 'شاشة لمس', 'نظام ملاحة', 'مثبت سرعة', 'دخول بدون مفتاح', 'مكيف', 'كاميرا خلفية', 'كراسي جلد', 'مدخل AUX/USB', 'بلوتوث', 'ABS', 'سنترلوك']",12000.0
141,https://jo.opensooq.com/ar/search/186842113/%D8%AA%D9%83%D8%B3%D9%8A-%D9%85%D9%83%D8%AA%D8%A8-%D8%B9%D9%85%D9%88%D9%85%D9%8A-%D9%83%D8%B1%D8%AA-%D8%A7%D8%AE%D8%B6%D8%B1,عمان,المقابلين,هيونداي,النترا,2022,مواصفات يابانية,يدوي/عادي,بنزين,أصفر,جديد,٠,أخرى,ممتازة بدون حوادث,مجمركة,مرخصة,تأمين إلزامي,كاش فقط,"['فتحة', 'سنترلوك', 'مرايا كهربائية', 'مثبت سرعة', 'مكيف', 'كاميرا خلفية', 'أكياس هوائية', 'أضوية LED', 'مدخل AUX/USB', 'بلوتوث', 'ABS']",53000.0
142,https://jo.opensooq.com/ar/search/186841711/%D9%87%D9%88%D9%86%D8%AF%D8%A7%D9%8A-%D8%A7%D9%81%D8%A7%D9%86%D8%AA%D9%8A-%D8%A7%D9%83%D8%B3-%D8%AF%D9%8A-%D8%AC%D9%88%D9%84%D8%AF-%D8%A7%D8%B9%D9%84%D8%A7-%D8%B5%D9%86%D9%81,عمان,ضاحية الامير حسن,هيونداي,افانتي,2006,مواصفات أخرى,اوتوماتيك,بنزين,فضي,مستعمل,"١٠,٠٠٠ - ١٩,٩٩٩",أخرى,أخرى,مجمركة,مرخصة,تأمين إلزامي,كاش فقط,"['مرايا كهربائية', 'مكيف', 'حساسات اصطفاف', 'كراسي مدفأة', 'أكياس هوائية', 'بلوتوث', 'ABS', 'سنترلوك']",7300.0
143,https://jo.opensooq.com/ar/search/186841385/0790964952,عمان,ضاحية الامير حسن,هيونداي,H-1 ستاريكس,2006,مواصفات أخرى,يدوي/عادي,ديزل,أبيض,مستعمل,"١٠٠,٠٠٠ - ١٠٩,٩٩٩",الدهان الأصلي,ممتازة بدون حوادث,مجمركة,مرخصة,تأمين إلزامي,أقساط فقط,"['شاشة لمس', 'مكيف', 'كراسي مدفأة', 'أكياس هوائية', 'سنترلوك']",11000.0
144,https://jo.opensooq.com/ar/search/186841067/%D9%85%D8%A7%D8%B2%D8%AF%D8%A7-6-2009,عمان,الياسمين,مازدا,6,2009,مواصفات خليجية,اوتوماتيك,بنزين,خمري,مستعمل,"١٨٠,٠٠٠ - ١٨٩,٩٩٩",أعيد دهانها جزئياً,جيد (عيوب بسيطة في البودي),مجمركة,مرخصة,تأمين إلزامي,كاش فقط,"['فتحة', 'مكيف', 'أكياس هوائية', 'ABS', 'سنترلوك']",8500.0
145,https://jo.opensooq.com/ar/search/186840995/%D8%AA%D9%88%D9%8A%D9%88%D8%AA%D8%A7-2017-%D9%82%D8%B2%D8%A7%D8%B2-%D8%B9%D8%A7%D8%AF%D9%8A-%D9%82%D8%B2%D8%A7%D8%B2-%D8%B9%D8%A7%D8%AF%D9%8A,عمان,اليادودة,تويوتا,هيلوكس,2017,مواصفات خليجية,يدوي/عادي,ديزل,أبيض,مستعمل,"١,٠٠٠ - ٩,٩٩٩",الدهان الأصلي,ممتازة بدون حوادث,مجمركة,مرخصة,تأمين إلزامي,كاش فقط,"['أكياس هوائية', 'مدخل AUX/USB', 'بلوتوث', 'ABS', 'سنترلوك', 'مكيف']",18700.0
146,https://jo.opensooq.com/ar/search/186840161/%D9%85%D8%AA%D8%B3%D9%88%D8%A8%D9%8A%D8%B4%D9%8A-%D9%83%D8%A7%D9%86%D8%AA%D8%B1-2016-%D9%85%D8%AD%D9%8A%D8%B1,عمان,الوحدات,ميتسوبيشي,فوسو كانتر,2016,مواصفات يابانية,يدوي/عادي,ديزل,أبيض,مستعمل,"٧٠,٠٠٠ - ٧٩,٩٩٩",الدهان الأصلي,ممتازة بدون حوادث,مجمركة,مرخصة,تأمين إلزامي,كاش فقط,['مكيف'],
147,https://jo.opensooq.com/ar/search/186839591/%D9%85%D8%B7%D9%84%D9%88%D8%A8-%D8%B1%D9%8A%D9%86%D8%AC-%D8%B1%D9%88%D9%81%D8%B1-%D9%85%D9%86-%D9%85%D9%88%D8%AF%D9%8A%D9%84-2014-%D9%88%D9%84%D8%BA%D8%A7%D9%8A%D9%87-2016,عمان,الدوار الخامس,لاند روفر,رنج روفر فوج,2014,مواصفات أخرى,اوتوماتيك,بنزين,أسود,مستعمل,"١,٠٠٠ - ٩,٩٩٩",الدهان الأصلي,ممتازة بدون حوادث,مجمركة,مرخصة,تأمين إلزامي,كاش فقط,"['فتحة', 'مرايا كهربائية', 'شاشة لمس', 'نظام ملاحة', 'مثبت سرعة', 'كاميرا خلفية', 'حساسات اصطفاف', 'كراسي جلد', 'كراسي مدفأة']",
148,https://jo.opensooq.com/ar/search/185818809/tesla-s-75d,عمان,ضاحية الامير راشد,تيسلا,S,2016,مواصفات أمريكية,اوتوماتيك,كهربائي,أبيض,مستعمل,"٦٠,٠٠٠ - ٦٩,٩٩٩",أعيد دهانها كلياً,أخرى,مجمركة,مرخصة,تأمين إلزامي,كاش فقط,"['فتحة', 'كراسي مدفأة', 'أكياس هوائية', 'أضوية LED', 'أضوية زينون', 'مدخل AUX/USB', 'بلوتوث', 'ABS', 'سنترلوك', 'مرايا كهربائية', 'شاشة لمس', 'نظام ملاحة', 'مثبت سرعة', 'دخول بدون مفتاح', 'مكيف', 'كاميرا خلفية', 'حساسات اصطفاف', 'كراسي جلد']",29999.0
